departure,arrival,carrierCode,number,aircraft,operating,duration,id,numberOfStops,blacklistedInEU,stops
"{'iataCode': 'AUS', 'at': '2020-12-05T10:47:00'}","{'iataCode': 'ATL', 'terminal': 'S', 'at': '2020-12-05T13:50:00'}",DL,1220,{'code': '321'},{'carrierCode': 'DL'},PT2H3M,25,0,False,
"{'iataCode': 'ATL', 'terminal': 'S', 'at': '2020-12-05T20:55:00'}","{'iataCode': 'DAL', 'terminal': '1', 'at': '2020-12-05T22:04:00'}",DL,1277,{'code': '717'},{'carrierCode': 'DL'},PT2H9M,26,0,False,
"{'iataCode': 'AUS', 'at': '2020-12-05T08:00:00'}","{'iataCode': 'ATL', 'terminal': 'S', 'at': '2020-12-05T11:03:00'}",DL,1239,{'code': '321'},{'carrierCode': 'DL'},PT2H3M,9,0,False,
"{'iataCode': 'ATL', 'terminal': 'S', 'at': '2020-12-05T20:55:00'}","{'iataCode': 'DAL', 'terminal': '1', 'at': '2020-12-05T22:04:00'}",DL,1277,{'code': '717'},{'carrierCode': 'DL'},PT2H9M,10,0,False,
"{'iataCode': 'AUS', 'at': '2020-12-05T06:25:00'}","{'iataCode': 'ATL', 'terminal': 'S', 'at': '2020-12-05T09:30:00'}",DL,1252,{'code': '321'},{'carrierCode': 'DL'},PT2H5M,47,0,False,
"{'iataCode': 'ATL', 'terminal': 'S', 'at': '2020-12-05T20:55:00'}","{'iataCode': 'DAL', 'terminal': '1', 'at': '2020-12-05T22:04:00'}",DL,1277,{'code': '717'},{'carrierCode': 'DL'},PT2H9M,48,0,False,
"{'iataCode': 'AUS', 'at': '2020-12-05T07:00:00'}","{'iataCode': 'LAX', 'terminal': '2', 'at': '2020-12-05T08:22:00'}",DL,1165,{'code': '319'},{'carrierCode': 'DL'},PT3H22M,43,0,False,
"{'iataCode': 'LAX', 'terminal': '6', 'at': '2020-12-05T13:15:00'}","{'iataCode': 'DAL', 'terminal': '1', 'at': '2020-12-05T18:35:00'}",AS,2041,{'code': 'E75'},,PT3H20M,44,0,False,
"{'iataCode': 'AUS', 'at': '2020-12-05T07:00:00'}","{'iataCode': 'LAX', 'terminal': '2', 'at': '2020-12-05T08:22:00'}",DL,1165,{'code': '319'},{'carrierCode': 'DL'},PT3H22M,33,0,False,
"{'iataCode': 'LAX', 'terminal': '6', 'at': '2020-12-05T17:00:00'}","{'iataCode': 'DAL', 'terminal': '1', 'at': '2020-12-05T22:21:00'}",AS,2450,{'code': 'E75'},,PT3H21M,34,0,False,
"{'iataCode': 'AUS', 'at': '2020-12-05T06:25:00'}","{'iataCode': 'ATL', 'terminal': 'S', 'at': '2020-12-05T09:30:00'}",DL,1252,{'code': '321'},{'carrierCode': 'DL'},PT2H5M,1,0,False,
"{'iataCode': 'ATL', 'terminal': 'S', 'at': '2020-12-05T11:11:00'}","{'iataCode': 'DAL', 'terminal': '1', 'at': '2020-12-05T12:25:00'}",DL,1310,{'code': '717'},{'carrierCode': 'DL'},PT2H14M,2,0,False,
"{'iataCode': 'AUS', 'at': '2020-12-05T14:58:00'}","{'iataCode': 'ATL', 'terminal': 'S', 'at': '2020-12-05T17:59:00'}",DL,2134,{'code': '321'},{'carrierCode': 'DL'},PT2H1M,13,0,False,
"{'iataCode': 'ATL', 'terminal': 'S', 'at': '2020-12-05T20:55:00'}","{'iataCode': 'DAL', 'terminal': '1', 'at': '2020-12-05T22:04:00'}",DL,1277,{'code': '717'},{'carrierCode': 'DL'},PT2H9M,14,0,False,
"{'iataCode': 'AUS', 'at': '2020-12-05T07:56:00'}","{'iataCode': 'LAX', 'terminal': '7', 'at': '2020-12-05T09:18:00'}",UA,5352,{'code': 'E7W'},,PT3H22M,45,0,False,
"{'iataCode': 'LAX', 'terminal': '6', 'at': '2020-12-05T13:15:00'}","{'iataCode': 'DAL', 'terminal': '1', 'at': '2020-12-05T18:35:00'}",AS,2041,{'code': 'E75'},,PT3H20M,46,0,False,
"{'iataCode': 'AUS', 'at': '2020-12-05T07:56:00'}","{'iataCode': 'LAX', 'terminal': '7', 'at': '2020-12-05T09:18:00'}",UA,5352,{'code': 'E7W'},,PT3H22M,35,0,False,
"{'iataCode': 'LAX', 'terminal': '6', 'at': '2020-12-05T17:00:00'}","{'iataCode': 'DAL', 'terminal': '1', 'at': '2020-12-05T22:21:00'}",AS,2450,{'code': 'E75'},,PT3H21M,36,0,False,
"{'iataCode': 'AUS', 'at': '2020-12-05T13:30:00'}","{'iataCode': 'PDX', 'at': '2020-12-05T15:45:00'}",AS,1087,{'code': '320'},{'carrierCode': 'AS'},PT4H15M,37,0,False,
"{'iataCode': 'PDX', 'at': '2020-12-05T17:00:00'}","{'iataCode': 'DAL', 'terminal': '1', 'at': '2020-12-05T22:59:00'}",AS,3312,{'code': 'E75'},,PT3H59M,38,0,False,
"{'iataCode': 'AUS', 'at': '2020-12-05T19:50:00'}","{'iataCode': 'SEA', 'at': '2020-12-05T22:15:00'}",AS,1401,{'code': '73H'},{'carrierCode': 'AS'},PT4H25M,49,0,False,
"{'iataCode': 'SEA', 'at': '2020-12-06T07:30:00'}","{'iataCode': 'DAL', 'terminal': '1', 'at': '2020-12-06T13:40:00'}",AS,2489,{'code': 'E75'},,PT4H10M,50,0,False,
"{'iataCode': 'AUS', 'at': '2020-12-05T19:50:00'}","{'iataCode': 'SEA', 'at': '2020-12-05T22:15:00'}",AS,1401,{'code': '73H'},{'carrierCode': 'AS'},PT4H25M,31,0,False,
"{'iataCode': 'SEA', 'at': '2020-12-06T09:10:00'}","{'iataCode': 'DAL', 'terminal': '1', 'at': '2020-12-06T15:10:00'}",AS,158,{'code': '320'},{'carrierCode': 'AS'},PT4H,32,0,False,
"{'iataCode': 'AUS', 'at': '2020-12-05T17:30:00'}","{'iataCode': 'SEA', 'at': '2020-12-05T20:00:00'}",AS,1045,{'code': '320'},{'carrierCode': 'AS'},PT4H30M,21,0,False,
"{'iataCode': 'SEA', 'at': '2020-12-06T07:30:00'}","{'iataCode': 'DAL', 'terminal': '1', 'at': '2020-12-06T13:40:00'}",AS,2489,{'code': 'E75'},,PT4H10M,22,0,False,
"{'iataCode': 'AUS', 'at': '2020-12-05T07:30:00'}","{'iataCode': 'SEA', 'at': '2020-12-05T10:00:00'}",AS,1003,{'code': '320'},{'carrierCode': 'AS'},PT4H30M,7,0,False,
"{'iataCode': 'SEA', 'at': '2020-12-05T13:20:00'}","{'iataCode': 'DAL', 'terminal': '1', 'at': '2020-12-05T19:33:00'}",AS,2356,{'code': 'E75'},,PT4H13M,8,0,False,
"{'iataCode': 'AUS', 'at': '2020-12-05T07:30:00'}","{'iataCode': 'SEA', 'at': '2020-12-05T10:00:00'}",AS,1003,{'code': '320'},{'carrierCode': 'AS'},PT4H30M,39,0,False,
"{'iataCode': 'SEA', 'at': '2020-12-05T16:55:00'}","{'iataCode': 'DAL', 'terminal': '1', 'at': '2020-12-05T22:59:00'}",AS,1228,{'code': '320'},{'carrierCode': 'AS'},PT4H4M,40,0,False,
"{'iataCode': 'AUS', 'at': '2020-12-05T16:51:00'}","{'iataCode': 'LAX', 'terminal': '7', 'at': '2020-12-05T18:13:00'}",UA,5266,{'code': 'E7W'},,PT3H22M,23,0,False,
"{'iataCode': 'LAX', 'terminal': '6', 'at': '2020-12-06T08:45:00'}","{'iataCode': 'DAL', 'terminal': '1', 'at': '2020-12-06T14:05:00'}",AS,3328,{'code': 'E75'},,PT3H20M,24,0,False,
"{'iataCode': 'AUS', 'at': '2020-12-05T10:08:00'}","{'iataCode': 'ATL', 'terminal': 'N', 'at': '2020-12-05T18:48:00'}",UA,3611,{'code': 'E70'},,PT7H40M,51,1,False,"[{'iataCode': 'ORD', 'duration': 'PT2H30M', 'arrivalAt': '2020-12-05T13:05:00', 'departureAt': '2020-12-05T15:35:00'}]"
"{'iataCode': 'ATL', 'terminal': 'S', 'at': '2020-12-05T20:55:00'}","{'iataCode': 'DAL', 'terminal': '1', 'at': '2020-12-05T22:04:00'}",DL,1277,{'code': '717'},{'carrierCode': 'DL'},PT2H9M,52,0,False,
"{'iataCode': 'AUS', 'at': '2020-12-05T07:00:00'}","{'iataCode': 'SFO', 'terminal': '2', 'at': '2020-12-05T08:50:00'}",AS,1219,{'code': '73H'},{'carrierCode': 'AS'},PT3H50M,27,0,False,
"{'iataCode': 'SFO', 'terminal': '2', 'at': '2020-12-05T11:35:00'}","{'iataCode': 'DAL', 'terminal': '1', 'at': '2020-12-05T17:20:00'}",AS,2472,{'code': 'E75'},,PT3H45M,28,0,False,
"{'iataCode': 'AUS', 'at': '2020-12-05T07:00:00'}","{'iataCode': 'SFO', 'terminal': '2', 'at': '2020-12-05T08:50:00'}",AS,1219,{'code': '73H'},{'carrierCode': 'AS'},PT3H50M,17,0,False,
"{'iataCode': 'SFO', 'terminal': '2', 'at': '2020-12-05T16:20:00'}","{'iataCode': 'DAL', 'terminal': '1', 'at': '2020-12-05T22:10:00'}",AS,2248,{'code': 'E75'},,PT3H50M,18,0,False,
"{'iataCode': 'AUS', 'at': '2020-12-05T19:40:00'}","{'iataCode': 'SFO', 'terminal': '3', 'at': '2020-12-05T21:22:00'}",UA,1401,{'code': '320'},{'carrierCode': 'UA'},PT3H42M,11,0,False,
"{'iataCode': 'SFO', 'terminal': '2', 'at': '2020-12-06T09:00:00'}","{'iataCode': 'DAL', 'terminal': '1', 'at': '2020-12-06T14:45:00'}",AS,2404,{'code': 'E75'},,PT3H45M,12,0,False,
"{'iataCode': 'AUS', 'at': '2020-12-05T18:45:00'}","{'iataCode': 'SFO', 'terminal': '3', 'at': '2020-12-05T20:27:00'}",UA,455,{'code': '320'},{'carrierCode': 'UA'},PT3H42M,3,0,False,
"{'iataCode': 'SFO', 'terminal': '2', 'at': '2020-12-06T09:00:00'}","{'iataCode': 'DAL', 'terminal': '1', 'at': '2020-12-06T14:45:00'}",AS,2404,{'code': 'E75'},,PT3H45M,4,0,False,
"{'iataCode': 'AUS', 'at': '2020-12-05T12:00:00'}","{'iataCode': 'SFO', 'terminal': '3', 'at': '2020-12-05T13:42:00'}",UA,284,{'code': '320'},{'carrierCode': 'UA'},PT3H42M,15,0,False,
"{'iataCode': 'SFO', 'terminal': '2', 'at': '2020-12-05T16:20:00'}","{'iataCode': 'DAL', 'terminal': '1', 'at': '2020-12-05T22:10:00'}",AS,2248,{'code': 'E75'},,PT3H50M,16,0,False,
"{'iataCode': 'AUS', 'at': '2020-12-05T06:00:00'}","{'iataCode': 'SFO', 'terminal': '3', 'at': '2020-12-05T07:58:00'}",UA,2123,{'code': '320'},{'carrierCode': 'UA'},PT3H58M,29,0,False,
"{'iataCode': 'SFO', 'terminal': '2', 'at': '2020-12-05T11:35:00'}","{'iataCode': 'DAL', 'terminal': '1', 'at': '2020-12-05T17:20:00'}",AS,2472,{'code': 'E75'},,PT3H45M,30,0,False,
"{'iataCode': 'AUS', 'at': '2020-12-05T06:00:00'}","{'iataCode': 'SFO', 'terminal': '3', 'at': '2020-12-05T07:58:00'}",UA,2123,{'code': '320'},{'carrierCode': 'UA'},PT3H58M,19,0,False,
"{'iataCode': 'SFO', 'terminal': '2', 'at': '2020-12-05T16:20:00'}","{'iataCode': 'DAL', 'terminal': '1', 'at': '2020-12-05T22:10:00'}",AS,2248,{'code': 'E75'},,PT3H50M,20,0,False,
"{'iataCode': 'AUS', 'at': '2020-12-05T10:33:00'}","{'iataCode': 'LAX', 'terminal': '0', 'at': '2020-12-05T11:45:00'}",AS,4547,{'code': '738'},{'carrierCode': 'AA'},PT3H12M,5,0,False,
"{'iataCode': 'LAX', 'terminal': '6', 'at': '2020-12-05T13:15:00'}","{'iataCode': 'DAL', 'terminal': '1', 'at': '2020-12-05T18:35:00'}",AS,2041,{'code': 'E75'},,PT3H20M,6,0,False,
"{'iataCode': 'AUS', 'at': '2020-12-05T13:46:00'}","{'iataCode': 'LAX', 'terminal': '0', 'at': '2020-12-05T14:58:00'}",AS,4218,{'code': '319'},{'carrierCode': 'AA'},PT3H12M,41,0,False,
"{'iataCode': 'LAX', 'terminal': '6', 'at': '2020-12-05T17:00:00'}","{'iataCode': 'DAL', 'terminal': '1', 'at': '2020-12-05T22:21:00'}",AS,2450,{'code': 'E75'},,PT3H21M,42,0,False,
