type,id,source,instantTicketingRequired,nonHomogeneous,oneWay,lastTicketingDate,numberOfBookableSeats,itineraries,price,pricingOptions,validatingAirlineCodes,travelerPricings
flight-offer,1,GDS,False,False,False,2020-11-26,4,"[{'duration': 'PT10H38M', 'segments': [{'departure': {'iataCode': 'AUS', 'at': '2020-12-05T12:41:00'}, 'arrival': {'iataCode': 'ORD', 'terminal': '3', 'at': '2020-12-05T15:21:00'}, 'carrierCode': 'NK', 'number': '176', 'aircraft': {'code': '32A'}, 'operating': {'carrierCode': 'NK'}, 'duration': 'PT2H40M', 'id': '51', 'numberOfStops': 0, 'blacklistedInEU': False}, {'departure': {'iataCode': 'ORD', 'terminal': '3', 'at': '2020-12-05T20:44:00'}, 'arrival': {'iataCode': 'DFW', 'terminal': 'E', 'at': '2020-12-05T23:19:00'}, 'carrierCode': 'NK', 'number': '903', 'aircraft': {'code': '32B'}, 'operating': {'carrierCode': 'NK'}, 'duration': 'PT2H35M', 'id': '52', 'numberOfStops': 0, 'blacklistedInEU': False}]}]","{'currency': 'EUR', 'total': '104.06', 'base': '87.00', 'fees': [{'amount': '0.00', 'type': 'SUPPLIER'}, {'amount': '0.00', 'type': 'TICKETING'}], 'grandTotal': '104.06'}","{'fareType': ['PUBLISHED'], 'includedCheckedBagsOnly': False}",['NK'],"[{'travelerId': '1', 'fareOption': 'STANDARD', 'travelerType': 'ADULT', 'price': {'currency': 'EUR', 'total': '104.06', 'base': '87.00'}, 'fareDetailsBySegment': [{'segmentId': '51', 'cabin': 'ECONOMY', 'fareBasis': 'UA7NR', 'class': 'U'}, {'segmentId': '52', 'cabin': 'ECONOMY', 'fareBasis': 'UA7NR', 'class': 'U'}]}]"
flight-offer,2,GDS,False,False,False,2020-11-26,4,"[{'duration': 'PT6H47M', 'segments': [{'departure': {'iataCode': 'AUS', 'at': '2020-12-05T16:05:00'}, 'arrival': {'iataCode': 'MCO', 'at': '2020-12-05T19:42:00'}, 'carrierCode': 'NK', 'number': '2328', 'aircraft': {'code': '32A'}, 'operating': {'carrierCode': 'NK'}, 'duration': 'PT2H37M', 'id': '71', 'numberOfStops': 0, 'blacklistedInEU': False}, {'departure': {'iataCode': 'MCO', 'at': '2020-12-05T20:55:00'}, 'arrival': {'iataCode': 'DFW', 'terminal': 'E', 'at': '2020-12-05T22:52:00'}, 'carrierCode': 'NK', 'number': '407', 'aircraft': {'code': '32A'}, 'operating': {'carrierCode': 'NK'}, 'duration': 'PT2H57M', 'id': '72', 'numberOfStops': 0, 'blacklistedInEU': False}]}]","{'currency': 'EUR', 'total': '113.33', 'base': '101.00', 'fees': [{'amount': '0.00', 'type': 'SUPPLIER'}, {'amount': '0.00', 'type': 'TICKETING'}], 'grandTotal': '113.33'}","{'fareType': ['PUBLISHED'], 'includedCheckedBagsOnly': False}",['NK'],"[{'travelerId': '1', 'fareOption': 'STANDARD', 'travelerType': 'ADULT', 'price': {'currency': 'EUR', 'total': '113.33', 'base': '101.00'}, 'fareDetailsBySegment': [{'segmentId': '71', 'cabin': 'ECONOMY', 'fareBasis': 'RA7NR', 'class': 'R'}, {'segmentId': '72', 'cabin': 'ECONOMY', 'fareBasis': 'UA7NR', 'class': 'U'}]}]"
flight-offer,3,GDS,False,False,False,2020-11-26,4,"[{'duration': 'PT8H50M', 'segments': [{'departure': {'iataCode': 'AUS', 'at': '2020-12-05T14:02:00'}, 'arrival': {'iataCode': 'MCO', 'at': '2020-12-05T17:37:00'}, 'carrierCode': 'NK', 'number': '732', 'aircraft': {'code': '32A'}, 'operating': {'carrierCode': 'NK'}, 'duration': 'PT2H35M', 'id': '77', 'numberOfStops': 0, 'blacklistedInEU': False}, {'departure': {'iataCode': 'MCO', 'at': '2020-12-05T20:55:00'}, 'arrival': {'iataCode': 'DFW', 'terminal': 'E', 'at': '2020-12-05T22:52:00'}, 'carrierCode': 'NK', 'number': '407', 'aircraft': {'code': '32A'}, 'operating': {'carrierCode': 'NK'}, 'duration': 'PT2H57M', 'id': '78', 'numberOfStops': 0, 'blacklistedInEU': False}]}]","{'currency': 'EUR', 'total': '113.33', 'base': '101.00', 'fees': [{'amount': '0.00', 'type': 'SUPPLIER'}, {'amount': '0.00', 'type': 'TICKETING'}], 'grandTotal': '113.33'}","{'fareType': ['PUBLISHED'], 'includedCheckedBagsOnly': False}",['NK'],"[{'travelerId': '1', 'fareOption': 'STANDARD', 'travelerType': 'ADULT', 'price': {'currency': 'EUR', 'total': '113.33', 'base': '101.00'}, 'fareDetailsBySegment': [{'segmentId': '77', 'cabin': 'ECONOMY', 'fareBasis': 'RA7NR', 'class': 'R'}, {'segmentId': '78', 'cabin': 'ECONOMY', 'fareBasis': 'UA7NR', 'class': 'U'}]}]"
flight-offer,4,GDS,False,False,False,2020-11-26,4,"[{'duration': 'PT20H25M', 'segments': [{'departure': {'iataCode': 'AUS', 'at': '2020-12-05T16:05:00'}, 'arrival': {'iataCode': 'MCO', 'at': '2020-12-05T19:42:00'}, 'carrierCode': 'NK', 'number': '2328', 'aircraft': {'code': '32A'}, 'operating': {'carrierCode': 'NK'}, 'duration': 'PT2H37M', 'id': '37', 'numberOfStops': 0, 'blacklistedInEU': False}, {'departure': {'iataCode': 'MCO', 'at': '2020-12-06T10:33:00'}, 'arrival': {'iataCode': 'DFW', 'terminal': 'E', 'at': '2020-12-06T12:30:00'}, 'carrierCode': 'NK', 'number': '405', 'aircraft': {'code': '32A'}, 'operating': {'carrierCode': 'NK'}, 'duration': 'PT2H57M', 'id': '38', 'numberOfStops': 0, 'blacklistedInEU': False}]}]","{'currency': 'EUR', 'total': '118.06', 'base': '101.00', 'fees': [{'amount': '0.00', 'type': 'SUPPLIER'}, {'amount': '0.00', 'type': 'TICKETING'}], 'grandTotal': '118.06'}","{'fareType': ['PUBLISHED'], 'includedCheckedBagsOnly': False}",['NK'],"[{'travelerId': '1', 'fareOption': 'STANDARD', 'travelerType': 'ADULT', 'price': {'currency': 'EUR', 'total': '118.06', 'base': '101.00'}, 'fareDetailsBySegment': [{'segmentId': '37', 'cabin': 'ECONOMY', 'fareBasis': 'RA7NR', 'class': 'R'}, {'segmentId': '38', 'cabin': 'ECONOMY', 'fareBasis': 'UA7NR', 'class': 'U'}]}]"
flight-offer,5,GDS,False,False,False,2020-11-26,9,"[{'duration': 'PT3H25M', 'segments': [{'departure': {'iataCode': 'AUS', 'at': '2020-12-05T07:50:00'}, 'arrival': {'iataCode': 'IAH', 'terminal': 'B', 'at': '2020-12-05T08:53:00'}, 'carrierCode': 'UA', 'number': '6355', 'aircraft': {'code': 'E7W'}, 'duration': 'PT1H3M', 'id': '29', 'numberOfStops': 0, 'blacklistedInEU': False}, {'departure': {'iataCode': 'IAH', 'terminal': 'B', 'at': '2020-12-05T10:00:00'}, 'arrival': {'iataCode': 'DFW', 'terminal': 'E', 'at': '2020-12-05T11:15:00'}, 'carrierCode': 'UA', 'number': '6105', 'aircraft': {'code': 'E7W'}, 'duration': 'PT1H15M', 'id': '30', 'numberOfStops': 0, 'blacklistedInEU': False}]}]","{'currency': 'EUR', 'total': '120.33', 'base': '108.00', 'fees': [{'amount': '0.00', 'type': 'SUPPLIER'}, {'amount': '0.00', 'type': 'TICKETING'}], 'grandTotal': '120.33'}","{'fareType': ['PUBLISHED'], 'includedCheckedBagsOnly': False}",['UA'],"[{'travelerId': '1', 'fareOption': 'STANDARD', 'travelerType': 'ADULT', 'price': {'currency': 'EUR', 'total': '120.33', 'base': '108.00'}, 'fareDetailsBySegment': [{'segmentId': '29', 'cabin': 'ECONOMY', 'fareBasis': 'TAA3AKES', 'brandedFare': 'ECONOMY', 'class': 'T', 'includedCheckedBags': {'quantity': 0}}, {'segmentId': '30', 'cabin': 'ECONOMY', 'fareBasis': 'TAA3AKES', 'brandedFare': 'ECONOMY', 'class': 'T', 'includedCheckedBags': {'quantity': 0}}]}]"
flight-offer,6,GDS,False,False,False,2020-11-26,9,"[{'duration': 'PT3H25M', 'segments': [{'departure': {'iataCode': 'AUS', 'at': '2020-12-05T10:00:00'}, 'arrival': {'iataCode': 'IAH', 'terminal': 'B', 'at': '2020-12-05T10:59:00'}, 'carrierCode': 'UA', 'number': '6086', 'aircraft': {'code': 'E7W'}, 'duration': 'PT59M', 'id': '31', 'numberOfStops': 0, 'blacklistedInEU': False}, {'departure': {'iataCode': 'IAH', 'terminal': 'B', 'at': '2020-12-05T12:10:00'}, 'arrival': {'iataCode': 'DFW', 'terminal': 'E', 'at': '2020-12-05T13:25:00'}, 'carrierCode': 'UA', 'number': '6115', 'aircraft': {'code': 'E7W'}, 'duration': 'PT1H15M', 'id': '32', 'numberOfStops': 0, 'blacklistedInEU': False}]}]","{'currency': 'EUR', 'total': '120.33', 'base': '108.00', 'fees': [{'amount': '0.00', 'type': 'SUPPLIER'}, {'amount': '0.00', 'type': 'TICKETING'}], 'grandTotal': '120.33'}","{'fareType': ['PUBLISHED'], 'includedCheckedBagsOnly': False}",['UA'],"[{'travelerId': '1', 'fareOption': 'STANDARD', 'travelerType': 'ADULT', 'price': {'currency': 'EUR', 'total': '120.33', 'base': '108.00'}, 'fareDetailsBySegment': [{'segmentId': '31', 'cabin': 'ECONOMY', 'fareBasis': 'TAA3AKES', 'brandedFare': 'ECONOMY', 'class': 'T', 'includedCheckedBags': {'quantity': 0}}, {'segmentId': '32', 'cabin': 'ECONOMY', 'fareBasis': 'TAA3AKES', 'brandedFare': 'ECONOMY', 'class': 'T', 'includedCheckedBags': {'quantity': 0}}]}]"
flight-offer,7,GDS,False,False,False,2020-11-26,9,"[{'duration': 'PT3H25M', 'segments': [{'departure': {'iataCode': 'AUS', 'at': '2020-12-05T16:00:00'}, 'arrival': {'iataCode': 'IAH', 'terminal': 'C', 'at': '2020-12-05T16:59:00'}, 'carrierCode': 'UA', 'number': '281', 'aircraft': {'code': '320'}, 'operating': {'carrierCode': 'UA'}, 'duration': 'PT59M', 'id': '33', 'numberOfStops': 0, 'blacklistedInEU': False}, {'departure': {'iataCode': 'IAH', 'terminal': 'C', 'at': '2020-12-05T18:10:00'}, 'arrival': {'iataCode': 'DFW', 'terminal': 'E', 'at': '2020-12-05T19:25:00'}, 'carrierCode': 'UA', 'number': '736', 'aircraft': {'code': '319'}, 'operating': {'carrierCode': 'UA'}, 'duration': 'PT1H15M', 'id': '34', 'numberOfStops': 0, 'blacklistedInEU': False}]}]","{'currency': 'EUR', 'total': '120.33', 'base': '108.00', 'fees': [{'amount': '0.00', 'type': 'SUPPLIER'}, {'amount': '0.00', 'type': 'TICKETING'}], 'grandTotal': '120.33'}","{'fareType': ['PUBLISHED'], 'includedCheckedBagsOnly': False}",['UA'],"[{'travelerId': '1', 'fareOption': 'STANDARD', 'travelerType': 'ADULT', 'price': {'currency': 'EUR', 'total': '120.33', 'base': '108.00'}, 'fareDetailsBySegment': [{'segmentId': '33', 'cabin': 'ECONOMY', 'fareBasis': 'TAA3AKES', 'brandedFare': 'ECONOMY', 'class': 'T', 'includedCheckedBags': {'quantity': 0}}, {'segmentId': '34', 'cabin': 'ECONOMY', 'fareBasis': 'TAA3AKES', 'brandedFare': 'ECONOMY', 'class': 'T', 'includedCheckedBags': {'quantity': 0}}]}]"
flight-offer,8,GDS,False,False,False,2020-11-26,9,"[{'duration': 'PT3H40M', 'segments': [{'departure': {'iataCode': 'AUS', 'at': '2020-12-05T14:15:00'}, 'arrival': {'iataCode': 'IAH', 'terminal': 'C', 'at': '2020-12-05T15:14:00'}, 'carrierCode': 'UA', 'number': '216', 'aircraft': {'code': '738'}, 'operating': {'carrierCode': 'UA'}, 'duration': 'PT59M', 'id': '57', 'numberOfStops': 0, 'blacklistedInEU': False}, {'departure': {'iataCode': 'IAH', 'terminal': 'C', 'at': '2020-12-05T16:40:00'}, 'arrival': {'iataCode': 'DFW', 'terminal': 'E', 'at': '2020-12-05T17:55:00'}, 'carrierCode': 'UA', 'number': '495', 'aircraft': {'code': '319'}, 'operating': {'carrierCode': 'UA'}, 'duration': 'PT1H15M', 'id': '58', 'numberOfStops': 0, 'blacklistedInEU': False}]}]","{'currency': 'EUR', 'total': '120.33', 'base': '108.00', 'fees': [{'amount': '0.00', 'type': 'SUPPLIER'}, {'amount': '0.00', 'type': 'TICKETING'}], 'grandTotal': '120.33'}","{'fareType': ['PUBLISHED'], 'includedCheckedBagsOnly': False}",['UA'],"[{'travelerId': '1', 'fareOption': 'STANDARD', 'travelerType': 'ADULT', 'price': {'currency': 'EUR', 'total': '120.33', 'base': '108.00'}, 'fareDetailsBySegment': [{'segmentId': '57', 'cabin': 'ECONOMY', 'fareBasis': 'TAA3AKES', 'brandedFare': 'ECONOMY', 'class': 'T', 'includedCheckedBags': {'quantity': 0}}, {'segmentId': '58', 'cabin': 'ECONOMY', 'fareBasis': 'TAA3AKES', 'brandedFare': 'ECONOMY', 'class': 'T', 'includedCheckedBags': {'quantity': 0}}]}]"
flight-offer,9,GDS,False,False,False,2020-11-26,9,"[{'duration': 'PT3H40M', 'segments': [{'departure': {'iataCode': 'AUS', 'at': '2020-12-05T17:30:00'}, 'arrival': {'iataCode': 'IAH', 'terminal': 'C', 'at': '2020-12-05T18:29:00'}, 'carrierCode': 'UA', 'number': '630', 'aircraft': {'code': '320'}, 'operating': {'carrierCode': 'UA'}, 'duration': 'PT59M', 'id': '59', 'numberOfStops': 0, 'blacklistedInEU': False}, {'departure': {'iataCode': 'IAH', 'terminal': 'B', 'at': '2020-12-05T19:55:00'}, 'arrival': {'iataCode': 'DFW', 'terminal': 'E', 'at': '2020-12-05T21:10:00'}, 'carrierCode': 'UA', 'number': '5743', 'aircraft': {'code': 'CR7'}, 'duration': 'PT1H15M', 'id': '60', 'numberOfStops': 0, 'blacklistedInEU': False}]}]","{'currency': 'EUR', 'total': '120.33', 'base': '108.00', 'fees': [{'amount': '0.00', 'type': 'SUPPLIER'}, {'amount': '0.00', 'type': 'TICKETING'}], 'grandTotal': '120.33'}","{'fareType': ['PUBLISHED'], 'includedCheckedBagsOnly': False}",['UA'],"[{'travelerId': '1', 'fareOption': 'STANDARD', 'travelerType': 'ADULT', 'price': {'currency': 'EUR', 'total': '120.33', 'base': '108.00'}, 'fareDetailsBySegment': [{'segmentId': '59', 'cabin': 'ECONOMY', 'fareBasis': 'TAA3AKES', 'brandedFare': 'ECONOMY', 'class': 'T', 'includedCheckedBags': {'quantity': 0}}, {'segmentId': '60', 'cabin': 'ECONOMY', 'fareBasis': 'TAA3AKES', 'brandedFare': 'ECONOMY', 'class': 'T', 'includedCheckedBags': {'quantity': 0}}]}]"
flight-offer,10,GDS,False,False,False,2020-11-26,9,"[{'duration': 'PT3H50M', 'segments': [{'departure': {'iataCode': 'AUS', 'at': '2020-12-05T12:20:00'}, 'arrival': {'iataCode': 'IAH', 'terminal': 'C', 'at': '2020-12-05T13:16:00'}, 'carrierCode': 'UA', 'number': '2101', 'aircraft': {'code': '73G'}, 'operating': {'carrierCode': 'UA'}, 'duration': 'PT56M', 'id': '73', 'numberOfStops': 0, 'blacklistedInEU': False}, {'departure': {'iataCode': 'IAH', 'terminal': 'C', 'at': '2020-12-05T14:55:00'}, 'arrival': {'iataCode': 'DFW', 'terminal': 'E', 'at': '2020-12-05T16:10:00'}, 'carrierCode': 'UA', 'number': '1207', 'aircraft': {'code': '319'}, 'operating': {'carrierCode': 'UA'}, 'duration': 'PT1H15M', 'id': '74', 'numberOfStops': 0, 'blacklistedInEU': False}]}]","{'currency': 'EUR', 'total': '120.33', 'base': '108.00', 'fees': [{'amount': '0.00', 'type': 'SUPPLIER'}, {'amount': '0.00', 'type': 'TICKETING'}], 'grandTotal': '120.33'}","{'fareType': ['PUBLISHED'], 'includedCheckedBagsOnly': False}",['UA'],"[{'travelerId': '1', 'fareOption': 'STANDARD', 'travelerType': 'ADULT', 'price': {'currency': 'EUR', 'total': '120.33', 'base': '108.00'}, 'fareDetailsBySegment': [{'segmentId': '73', 'cabin': 'ECONOMY', 'fareBasis': 'TAA3AKES', 'brandedFare': 'ECONOMY', 'class': 'T', 'includedCheckedBags': {'quantity': 0}}, {'segmentId': '74', 'cabin': 'ECONOMY', 'fareBasis': 'TAA3AKES', 'brandedFare': 'ECONOMY', 'class': 'T', 'includedCheckedBags': {'quantity': 0}}]}]"
flight-offer,11,GDS,False,False,False,2020-11-26,9,"[{'duration': 'PT4H', 'segments': [{'departure': {'iataCode': 'AUS', 'at': '2020-12-05T07:15:00'}, 'arrival': {'iataCode': 'IAH', 'terminal': 'C', 'at': '2020-12-05T08:14:00'}, 'carrierCode': 'UA', 'number': '2040', 'aircraft': {'code': '738'}, 'operating': {'carrierCode': 'UA'}, 'duration': 'PT59M', 'id': '1', 'numberOfStops': 0, 'blacklistedInEU': False}, {'departure': {'iataCode': 'IAH', 'terminal': 'B', 'at': '2020-12-05T10:00:00'}, 'arrival': {'iataCode': 'DFW', 'terminal': 'E', 'at': '2020-12-05T11:15:00'}, 'carrierCode': 'UA', 'number': '6105', 'aircraft': {'code': 'E7W'}, 'duration': 'PT1H15M', 'id': '2', 'numberOfStops': 0, 'blacklistedInEU': False}]}]","{'currency': 'EUR', 'total': '120.33', 'base': '108.00', 'fees': [{'amount': '0.00', 'type': 'SUPPLIER'}, {'amount': '0.00', 'type': 'TICKETING'}], 'grandTotal': '120.33'}","{'fareType': ['PUBLISHED'], 'includedCheckedBagsOnly': False}",['UA'],"[{'travelerId': '1', 'fareOption': 'STANDARD', 'travelerType': 'ADULT', 'price': {'currency': 'EUR', 'total': '120.33', 'base': '108.00'}, 'fareDetailsBySegment': [{'segmentId': '1', 'cabin': 'ECONOMY', 'fareBasis': 'TAA3AKES', 'brandedFare': 'ECONOMY', 'class': 'T', 'includedCheckedBags': {'quantity': 0}}, {'segmentId': '2', 'cabin': 'ECONOMY', 'fareBasis': 'TAA3AKES', 'brandedFare': 'ECONOMY', 'class': 'T', 'includedCheckedBags': {'quantity': 0}}]}]"
flight-offer,12,GDS,False,False,False,2020-11-26,9,"[{'duration': 'PT5H10M', 'segments': [{'departure': {'iataCode': 'AUS', 'at': '2020-12-05T14:15:00'}, 'arrival': {'iataCode': 'IAH', 'terminal': 'C', 'at': '2020-12-05T15:14:00'}, 'carrierCode': 'UA', 'number': '216', 'aircraft': {'code': '738'}, 'operating': {'carrierCode': 'UA'}, 'duration': 'PT59M', 'id': '13', 'numberOfStops': 0, 'blacklistedInEU': False}, {'departure': {'iataCode': 'IAH', 'terminal': 'C', 'at': '2020-12-05T18:10:00'}, 'arrival': {'iataCode': 'DFW', 'terminal': 'E', 'at': '2020-12-05T19:25:00'}, 'carrierCode': 'UA', 'number': '736', 'aircraft': {'code': '319'}, 'operating': {'carrierCode': 'UA'}, 'duration': 'PT1H15M', 'id': '14', 'numberOfStops': 0, 'blacklistedInEU': False}]}]","{'currency': 'EUR', 'total': '120.33', 'base': '108.00', 'fees': [{'amount': '0.00', 'type': 'SUPPLIER'}, {'amount': '0.00', 'type': 'TICKETING'}], 'grandTotal': '120.33'}","{'fareType': ['PUBLISHED'], 'includedCheckedBagsOnly': False}",['UA'],"[{'travelerId': '1', 'fareOption': 'STANDARD', 'travelerType': 'ADULT', 'price': {'currency': 'EUR', 'total': '120.33', 'base': '108.00'}, 'fareDetailsBySegment': [{'segmentId': '13', 'cabin': 'ECONOMY', 'fareBasis': 'TAA3AKES', 'brandedFare': 'ECONOMY', 'class': 'T', 'includedCheckedBags': {'quantity': 0}}, {'segmentId': '14', 'cabin': 'ECONOMY', 'fareBasis': 'TAA3AKES', 'brandedFare': 'ECONOMY', 'class': 'T', 'includedCheckedBags': {'quantity': 0}}]}]"
flight-offer,13,GDS,False,False,False,2020-11-26,9,"[{'duration': 'PT5H10M', 'segments': [{'departure': {'iataCode': 'AUS', 'at': '2020-12-05T16:00:00'}, 'arrival': {'iataCode': 'IAH', 'terminal': 'C', 'at': '2020-12-05T16:59:00'}, 'carrierCode': 'UA', 'number': '281', 'aircraft': {'code': '320'}, 'operating': {'carrierCode': 'UA'}, 'duration': 'PT59M', 'id': '15', 'numberOfStops': 0, 'blacklistedInEU': False}, {'departure': {'iataCode': 'IAH', 'terminal': 'B', 'at': '2020-12-05T19:55:00'}, 'arrival': {'iataCode': 'DFW', 'terminal': 'E', 'at': '2020-12-05T21:10:00'}, 'carrierCode': 'UA', 'number': '5743', 'aircraft': {'code': 'CR7'}, 'duration': 'PT1H15M', 'id': '16', 'numberOfStops': 0, 'blacklistedInEU': False}]}]","{'currency': 'EUR', 'total': '120.33', 'base': '108.00', 'fees': [{'amount': '0.00', 'type': 'SUPPLIER'}, {'amount': '0.00', 'type': 'TICKETING'}], 'grandTotal': '120.33'}","{'fareType': ['PUBLISHED'], 'includedCheckedBagsOnly': False}",['UA'],"[{'travelerId': '1', 'fareOption': 'STANDARD', 'travelerType': 'ADULT', 'price': {'currency': 'EUR', 'total': '120.33', 'base': '108.00'}, 'fareDetailsBySegment': [{'segmentId': '15', 'cabin': 'ECONOMY', 'fareBasis': 'TAA3AKES', 'brandedFare': 'ECONOMY', 'class': 'T', 'includedCheckedBags': {'quantity': 0}}, {'segmentId': '16', 'cabin': 'ECONOMY', 'fareBasis': 'TAA3AKES', 'brandedFare': 'ECONOMY', 'class': 'T', 'includedCheckedBags': {'quantity': 0}}]}]"
flight-offer,14,GDS,False,False,False,2020-11-26,9,"[{'duration': 'PT5H15M', 'segments': [{'departure': {'iataCode': 'AUS', 'at': '2020-12-05T17:30:00'}, 'arrival': {'iataCode': 'IAH', 'terminal': 'C', 'at': '2020-12-05T18:29:00'}, 'carrierCode': 'UA', 'number': '630', 'aircraft': {'code': '320'}, 'operating': {'carrierCode': 'UA'}, 'duration': 'PT59M', 'id': '23', 'numberOfStops': 0, 'blacklistedInEU': False}, {'departure': {'iataCode': 'IAH', 'terminal': 'B', 'at': '2020-12-05T21:30:00'}, 'arrival': {'iataCode': 'DFW', 'terminal': 'E', 'at': '2020-12-05T22:45:00'}, 'carrierCode': 'UA', 'number': '3590', 'aircraft': {'code': 'E70'}, 'duration': 'PT1H15M', 'id': '24', 'numberOfStops': 0, 'blacklistedInEU': False}]}]","{'currency': 'EUR', 'total': '120.33', 'base': '108.00', 'fees': [{'amount': '0.00', 'type': 'SUPPLIER'}, {'amount': '0.00', 'type': 'TICKETING'}], 'grandTotal': '120.33'}","{'fareType': ['PUBLISHED'], 'includedCheckedBagsOnly': False}",['UA'],"[{'travelerId': '1', 'fareOption': 'STANDARD', 'travelerType': 'ADULT', 'price': {'currency': 'EUR', 'total': '120.33', 'base': '108.00'}, 'fareDetailsBySegment': [{'segmentId': '23', 'cabin': 'ECONOMY', 'fareBasis': 'TAA3AKES', 'brandedFare': 'ECONOMY', 'class': 'T', 'includedCheckedBags': {'quantity': 0}}, {'segmentId': '24', 'cabin': 'ECONOMY', 'fareBasis': 'TAA3AKES', 'brandedFare': 'ECONOMY', 'class': 'T', 'includedCheckedBags': {'quantity': 0}}]}]"
flight-offer,15,GDS,False,False,False,2020-11-26,9,"[{'duration': 'PT5H29M', 'segments': [{'departure': {'iataCode': 'AUS', 'at': '2020-12-05T05:46:00'}, 'arrival': {'iataCode': 'IAH', 'terminal': 'C', 'at': '2020-12-05T06:40:00'}, 'carrierCode': 'UA', 'number': '1920', 'aircraft': {'code': '738'}, 'operating': {'carrierCode': 'UA'}, 'duration': 'PT54M', 'id': '39', 'numberOfStops': 0, 'blacklistedInEU': False}, {'departure': {'iataCode': 'IAH', 'terminal': 'B', 'at': '2020-12-05T10:00:00'}, 'arrival': {'iataCode': 'DFW', 'terminal': 'E', 'at': '2020-12-05T11:15:00'}, 'carrierCode': 'UA', 'number': '6105', 'aircraft': {'code': 'E7W'}, 'duration': 'PT1H15M', 'id': '40', 'numberOfStops': 0, 'blacklistedInEU': False}]}]","{'currency': 'EUR', 'total': '120.33', 'base': '108.00', 'fees': [{'amount': '0.00', 'type': 'SUPPLIER'}, {'amount': '0.00', 'type': 'TICKETING'}], 'grandTotal': '120.33'}","{'fareType': ['PUBLISHED'], 'includedCheckedBagsOnly': False}",['UA'],"[{'travelerId': '1', 'fareOption': 'STANDARD', 'travelerType': 'ADULT', 'price': {'currency': 'EUR', 'total': '120.33', 'base': '108.00'}, 'fareDetailsBySegment': [{'segmentId': '39', 'cabin': 'ECONOMY', 'fareBasis': 'TAA3AKES', 'brandedFare': 'ECONOMY', 'class': 'T', 'includedCheckedBags': {'quantity': 0}}, {'segmentId': '40', 'cabin': 'ECONOMY', 'fareBasis': 'TAA3AKES', 'brandedFare': 'ECONOMY', 'class': 'T', 'includedCheckedBags': {'quantity': 0}}]}]"
flight-offer,16,GDS,False,False,False,2020-11-26,9,"[{'duration': 'PT5H35M', 'segments': [{'departure': {'iataCode': 'AUS', 'at': '2020-12-05T07:50:00'}, 'arrival': {'iataCode': 'IAH', 'terminal': 'B', 'at': '2020-12-05T08:53:00'}, 'carrierCode': 'UA', 'number': '6355', 'aircraft': {'code': 'E7W'}, 'duration': 'PT1H3M', 'id': '45', 'numberOfStops': 0, 'blacklistedInEU': False}, {'departure': {'iataCode': 'IAH', 'terminal': 'B', 'at': '2020-12-05T12:10:00'}, 'arrival': {'iataCode': 'DFW', 'terminal': 'E', 'at': '2020-12-05T13:25:00'}, 'carrierCode': 'UA', 'number': '6115', 'aircraft': {'code': 'E7W'}, 'duration': 'PT1H15M', 'id': '46', 'numberOfStops': 0, 'blacklistedInEU': False}]}]","{'currency': 'EUR', 'total': '120.33', 'base': '108.00', 'fees': [{'amount': '0.00', 'type': 'SUPPLIER'}, {'amount': '0.00', 'type': 'TICKETING'}], 'grandTotal': '120.33'}","{'fareType': ['PUBLISHED'], 'includedCheckedBagsOnly': False}",['UA'],"[{'travelerId': '1', 'fareOption': 'STANDARD', 'travelerType': 'ADULT', 'price': {'currency': 'EUR', 'total': '120.33', 'base': '108.00'}, 'fareDetailsBySegment': [{'segmentId': '45', 'cabin': 'ECONOMY', 'fareBasis': 'TAA3AKES', 'brandedFare': 'ECONOMY', 'class': 'T', 'includedCheckedBags': {'quantity': 0}}, {'segmentId': '46', 'cabin': 'ECONOMY', 'fareBasis': 'TAA3AKES', 'brandedFare': 'ECONOMY', 'class': 'T', 'includedCheckedBags': {'quantity': 0}}]}]"
flight-offer,17,GDS,False,False,False,2020-11-26,9,"[{'duration': 'PT5H35M', 'segments': [{'departure': {'iataCode': 'AUS', 'at': '2020-12-05T12:20:00'}, 'arrival': {'iataCode': 'IAH', 'terminal': 'C', 'at': '2020-12-05T13:16:00'}, 'carrierCode': 'UA', 'number': '2101', 'aircraft': {'code': '73G'}, 'operating': {'carrierCode': 'UA'}, 'duration': 'PT56M', 'id': '47', 'numberOfStops': 0, 'blacklistedInEU': False}, {'departure': {'iataCode': 'IAH', 'terminal': 'C', 'at': '2020-12-05T16:40:00'}, 'arrival': {'iataCode': 'DFW', 'terminal': 'E', 'at': '2020-12-05T17:55:00'}, 'carrierCode': 'UA', 'number': '495', 'aircraft': {'code': '319'}, 'operating': {'carrierCode': 'UA'}, 'duration': 'PT1H15M', 'id': '48', 'numberOfStops': 0, 'blacklistedInEU': False}]}]","{'currency': 'EUR', 'total': '120.33', 'base': '108.00', 'fees': [{'amount': '0.00', 'type': 'SUPPLIER'}, {'amount': '0.00', 'type': 'TICKETING'}], 'grandTotal': '120.33'}","{'fareType': ['PUBLISHED'], 'includedCheckedBagsOnly': False}",['UA'],"[{'travelerId': '1', 'fareOption': 'STANDARD', 'travelerType': 'ADULT', 'price': {'currency': 'EUR', 'total': '120.33', 'base': '108.00'}, 'fareDetailsBySegment': [{'segmentId': '47', 'cabin': 'ECONOMY', 'fareBasis': 'TAA3AKES', 'brandedFare': 'ECONOMY', 'class': 'T', 'includedCheckedBags': {'quantity': 0}}, {'segmentId': '48', 'cabin': 'ECONOMY', 'fareBasis': 'TAA3AKES', 'brandedFare': 'ECONOMY', 'class': 'T', 'includedCheckedBags': {'quantity': 0}}]}]"
flight-offer,18,GDS,False,False,False,2020-11-26,9,"[{'duration': 'PT6H10M', 'segments': [{'departure': {'iataCode': 'AUS', 'at': '2020-12-05T07:15:00'}, 'arrival': {'iataCode': 'IAH', 'terminal': 'C', 'at': '2020-12-05T08:14:00'}, 'carrierCode': 'UA', 'number': '2040', 'aircraft': {'code': '738'}, 'operating': {'carrierCode': 'UA'}, 'duration': 'PT59M', 'id': '17', 'numberOfStops': 0, 'blacklistedInEU': False}, {'departure': {'iataCode': 'IAH', 'terminal': 'B', 'at': '2020-12-05T12:10:00'}, 'arrival': {'iataCode': 'DFW', 'terminal': 'E', 'at': '2020-12-05T13:25:00'}, 'carrierCode': 'UA', 'number': '6115', 'aircraft': {'code': 'E7W'}, 'duration': 'PT1H15M', 'id': '18', 'numberOfStops': 0, 'blacklistedInEU': False}]}]","{'currency': 'EUR', 'total': '120.33', 'base': '108.00', 'fees': [{'amount': '0.00', 'type': 'SUPPLIER'}, {'amount': '0.00', 'type': 'TICKETING'}], 'grandTotal': '120.33'}","{'fareType': ['PUBLISHED'], 'includedCheckedBagsOnly': False}",['UA'],"[{'travelerId': '1', 'fareOption': 'STANDARD', 'travelerType': 'ADULT', 'price': {'currency': 'EUR', 'total': '120.33', 'base': '108.00'}, 'fareDetailsBySegment': [{'segmentId': '17', 'cabin': 'ECONOMY', 'fareBasis': 'TAA3AKES', 'brandedFare': 'ECONOMY', 'class': 'T', 'includedCheckedBags': {'quantity': 0}}, {'segmentId': '18', 'cabin': 'ECONOMY', 'fareBasis': 'TAA3AKES', 'brandedFare': 'ECONOMY', 'class': 'T', 'includedCheckedBags': {'quantity': 0}}]}]"
flight-offer,19,GDS,False,False,False,2020-11-26,9,"[{'duration': 'PT6H10M', 'segments': [{'departure': {'iataCode': 'AUS', 'at': '2020-12-05T10:00:00'}, 'arrival': {'iataCode': 'IAH', 'terminal': 'B', 'at': '2020-12-05T10:59:00'}, 'carrierCode': 'UA', 'number': '6086', 'aircraft': {'code': 'E7W'}, 'duration': 'PT59M', 'id': '19', 'numberOfStops': 0, 'blacklistedInEU': False}, {'departure': {'iataCode': 'IAH', 'terminal': 'C', 'at': '2020-12-05T14:55:00'}, 'arrival': {'iataCode': 'DFW', 'terminal': 'E', 'at': '2020-12-05T16:10:00'}, 'carrierCode': 'UA', 'number': '1207', 'aircraft': {'code': '319'}, 'operating': {'carrierCode': 'UA'}, 'duration': 'PT1H15M', 'id': '20', 'numberOfStops': 0, 'blacklistedInEU': False}]}]","{'currency': 'EUR', 'total': '120.33', 'base': '108.00', 'fees': [{'amount': '0.00', 'type': 'SUPPLIER'}, {'amount': '0.00', 'type': 'TICKETING'}], 'grandTotal': '120.33'}","{'fareType': ['PUBLISHED'], 'includedCheckedBagsOnly': False}",['UA'],"[{'travelerId': '1', 'fareOption': 'STANDARD', 'travelerType': 'ADULT', 'price': {'currency': 'EUR', 'total': '120.33', 'base': '108.00'}, 'fareDetailsBySegment': [{'segmentId': '19', 'cabin': 'ECONOMY', 'fareBasis': 'TAA3AKES', 'brandedFare': 'ECONOMY', 'class': 'T', 'includedCheckedBags': {'quantity': 0}}, {'segmentId': '20', 'cabin': 'ECONOMY', 'fareBasis': 'TAA3AKES', 'brandedFare': 'ECONOMY', 'class': 'T', 'includedCheckedBags': {'quantity': 0}}]}]"
flight-offer,20,GDS,False,False,False,2020-11-26,9,"[{'duration': 'PT6H45M', 'segments': [{'departure': {'iataCode': 'AUS', 'at': '2020-12-05T16:00:00'}, 'arrival': {'iataCode': 'IAH', 'terminal': 'C', 'at': '2020-12-05T16:59:00'}, 'carrierCode': 'UA', 'number': '281', 'aircraft': {'code': '320'}, 'operating': {'carrierCode': 'UA'}, 'duration': 'PT59M', 'id': '67', 'numberOfStops': 0, 'blacklistedInEU': False}, {'departure': {'iataCode': 'IAH', 'terminal': 'B', 'at': '2020-12-05T21:30:00'}, 'arrival': {'iataCode': 'DFW', 'terminal': 'E', 'at': '2020-12-05T22:45:00'}, 'carrierCode': 'UA', 'number': '3590', 'aircraft': {'code': 'E70'}, 'duration': 'PT1H15M', 'id': '68', 'numberOfStops': 0, 'blacklistedInEU': False}]}]","{'currency': 'EUR', 'total': '125.06', 'base': '108.00', 'fees': [{'amount': '0.00', 'type': 'SUPPLIER'}, {'amount': '0.00', 'type': 'TICKETING'}], 'grandTotal': '125.06'}","{'fareType': ['PUBLISHED'], 'includedCheckedBagsOnly': False}",['UA'],"[{'travelerId': '1', 'fareOption': 'STANDARD', 'travelerType': 'ADULT', 'price': {'currency': 'EUR', 'total': '125.06', 'base': '108.00'}, 'fareDetailsBySegment': [{'segmentId': '67', 'cabin': 'ECONOMY', 'fareBasis': 'TAA3AKES', 'brandedFare': 'ECONOMY', 'class': 'T', 'sliceDiceIndicator': 'LOCAL_AVAILABILITY', 'includedCheckedBags': {'quantity': 0}}, {'segmentId': '68', 'cabin': 'ECONOMY', 'fareBasis': 'TAA3AKES', 'brandedFare': 'ECONOMY', 'class': 'T', 'sliceDiceIndicator': 'LOCAL_AVAILABILITY', 'includedCheckedBags': {'quantity': 0}}]}]"
flight-offer,21,GDS,False,False,False,2020-11-26,9,"[{'duration': 'PT6H55M', 'segments': [{'departure': {'iataCode': 'AUS', 'at': '2020-12-05T14:15:00'}, 'arrival': {'iataCode': 'IAH', 'terminal': 'C', 'at': '2020-12-05T15:14:00'}, 'carrierCode': 'UA', 'number': '216', 'aircraft': {'code': '738'}, 'operating': {'carrierCode': 'UA'}, 'duration': 'PT59M', 'id': '87', 'numberOfStops': 0, 'blacklistedInEU': False}, {'departure': {'iataCode': 'IAH', 'terminal': 'B', 'at': '2020-12-05T19:55:00'}, 'arrival': {'iataCode': 'DFW', 'terminal': 'E', 'at': '2020-12-05T21:10:00'}, 'carrierCode': 'UA', 'number': '5743', 'aircraft': {'code': 'CR7'}, 'duration': 'PT1H15M', 'id': '88', 'numberOfStops': 0, 'blacklistedInEU': False}]}]","{'currency': 'EUR', 'total': '125.06', 'base': '108.00', 'fees': [{'amount': '0.00', 'type': 'SUPPLIER'}, {'amount': '0.00', 'type': 'TICKETING'}], 'grandTotal': '125.06'}","{'fareType': ['PUBLISHED'], 'includedCheckedBagsOnly': False}",['UA'],"[{'travelerId': '1', 'fareOption': 'STANDARD', 'travelerType': 'ADULT', 'price': {'currency': 'EUR', 'total': '125.06', 'base': '108.00'}, 'fareDetailsBySegment': [{'segmentId': '87', 'cabin': 'ECONOMY', 'fareBasis': 'TAA3AKES', 'brandedFare': 'ECONOMY', 'class': 'T', 'sliceDiceIndicator': 'LOCAL_AVAILABILITY', 'includedCheckedBags': {'quantity': 0}}, {'segmentId': '88', 'cabin': 'ECONOMY', 'fareBasis': 'TAA3AKES', 'brandedFare': 'ECONOMY', 'class': 'T', 'sliceDiceIndicator': 'LOCAL_AVAILABILITY', 'includedCheckedBags': {'quantity': 0}}]}]"
flight-offer,22,GDS,False,False,False,2020-11-26,9,"[{'duration': 'PT7H5M', 'segments': [{'departure': {'iataCode': 'AUS', 'at': '2020-12-05T12:20:00'}, 'arrival': {'iataCode': 'IAH', 'terminal': 'C', 'at': '2020-12-05T13:16:00'}, 'carrierCode': 'UA', 'number': '2101', 'aircraft': {'code': '73G'}, 'operating': {'carrierCode': 'UA'}, 'duration': 'PT56M', 'id': '5', 'numberOfStops': 0, 'blacklistedInEU': False}, {'departure': {'iataCode': 'IAH', 'terminal': 'C', 'at': '2020-12-05T18:10:00'}, 'arrival': {'iataCode': 'DFW', 'terminal': 'E', 'at': '2020-12-05T19:25:00'}, 'carrierCode': 'UA', 'number': '736', 'aircraft': {'code': '319'}, 'operating': {'carrierCode': 'UA'}, 'duration': 'PT1H15M', 'id': '6', 'numberOfStops': 0, 'blacklistedInEU': False}]}]","{'currency': 'EUR', 'total': '125.06', 'base': '108.00', 'fees': [{'amount': '0.00', 'type': 'SUPPLIER'}, {'amount': '0.00', 'type': 'TICKETING'}], 'grandTotal': '125.06'}","{'fareType': ['PUBLISHED'], 'includedCheckedBagsOnly': False}",['UA'],"[{'travelerId': '1', 'fareOption': 'STANDARD', 'travelerType': 'ADULT', 'price': {'currency': 'EUR', 'total': '125.06', 'base': '108.00'}, 'fareDetailsBySegment': [{'segmentId': '5', 'cabin': 'ECONOMY', 'fareBasis': 'TAA3AKES', 'brandedFare': 'ECONOMY', 'class': 'T', 'sliceDiceIndicator': 'LOCAL_AVAILABILITY', 'includedCheckedBags': {'quantity': 0}}, {'segmentId': '6', 'cabin': 'ECONOMY', 'fareBasis': 'TAA3AKES', 'brandedFare': 'ECONOMY', 'class': 'T', 'sliceDiceIndicator': 'LOCAL_AVAILABILITY', 'includedCheckedBags': {'quantity': 0}}]}]"
flight-offer,23,GDS,False,False,False,2020-11-26,9,"[{'duration': 'PT7H39M', 'segments': [{'departure': {'iataCode': 'AUS', 'at': '2020-12-05T05:46:00'}, 'arrival': {'iataCode': 'IAH', 'terminal': 'C', 'at': '2020-12-05T06:40:00'}, 'carrierCode': 'UA', 'number': '1920', 'aircraft': {'code': '738'}, 'operating': {'carrierCode': 'UA'}, 'duration': 'PT54M', 'id': '55', 'numberOfStops': 0, 'blacklistedInEU': False}, {'departure': {'iataCode': 'IAH', 'terminal': 'B', 'at': '2020-12-05T12:10:00'}, 'arrival': {'iataCode': 'DFW', 'terminal': 'E', 'at': '2020-12-05T13:25:00'}, 'carrierCode': 'UA', 'number': '6115', 'aircraft': {'code': 'E7W'}, 'duration': 'PT1H15M', 'id': '56', 'numberOfStops': 0, 'blacklistedInEU': False}]}]","{'currency': 'EUR', 'total': '125.06', 'base': '108.00', 'fees': [{'amount': '0.00', 'type': 'SUPPLIER'}, {'amount': '0.00', 'type': 'TICKETING'}], 'grandTotal': '125.06'}","{'fareType': ['PUBLISHED'], 'includedCheckedBagsOnly': False}",['UA'],"[{'travelerId': '1', 'fareOption': 'STANDARD', 'travelerType': 'ADULT', 'price': {'currency': 'EUR', 'total': '125.06', 'base': '108.00'}, 'fareDetailsBySegment': [{'segmentId': '55', 'cabin': 'ECONOMY', 'fareBasis': 'TAA3AKES', 'brandedFare': 'ECONOMY', 'class': 'T', 'sliceDiceIndicator': 'LOCAL_AVAILABILITY', 'includedCheckedBags': {'quantity': 0}}, {'segmentId': '56', 'cabin': 'ECONOMY', 'fareBasis': 'TAA3AKES', 'brandedFare': 'ECONOMY', 'class': 'T', 'sliceDiceIndicator': 'LOCAL_AVAILABILITY', 'includedCheckedBags': {'quantity': 0}}]}]"
flight-offer,24,GDS,False,False,False,2020-11-26,9,"[{'duration': 'PT7H55M', 'segments': [{'departure': {'iataCode': 'AUS', 'at': '2020-12-05T10:00:00'}, 'arrival': {'iataCode': 'IAH', 'terminal': 'B', 'at': '2020-12-05T10:59:00'}, 'carrierCode': 'UA', 'number': '6086', 'aircraft': {'code': 'E7W'}, 'duration': 'PT59M', 'id': '89', 'numberOfStops': 0, 'blacklistedInEU': False}, {'departure': {'iataCode': 'IAH', 'terminal': 'C', 'at': '2020-12-05T16:40:00'}, 'arrival': {'iataCode': 'DFW', 'terminal': 'E', 'at': '2020-12-05T17:55:00'}, 'carrierCode': 'UA', 'number': '495', 'aircraft': {'code': '319'}, 'operating': {'carrierCode': 'UA'}, 'duration': 'PT1H15M', 'id': '90', 'numberOfStops': 0, 'blacklistedInEU': False}]}]","{'currency': 'EUR', 'total': '125.06', 'base': '108.00', 'fees': [{'amount': '0.00', 'type': 'SUPPLIER'}, {'amount': '0.00', 'type': 'TICKETING'}], 'grandTotal': '125.06'}","{'fareType': ['PUBLISHED'], 'includedCheckedBagsOnly': False}",['UA'],"[{'travelerId': '1', 'fareOption': 'STANDARD', 'travelerType': 'ADULT', 'price': {'currency': 'EUR', 'total': '125.06', 'base': '108.00'}, 'fareDetailsBySegment': [{'segmentId': '89', 'cabin': 'ECONOMY', 'fareBasis': 'TAA3AKES', 'brandedFare': 'ECONOMY', 'class': 'T', 'sliceDiceIndicator': 'LOCAL_AVAILABILITY', 'includedCheckedBags': {'quantity': 0}}, {'segmentId': '90', 'cabin': 'ECONOMY', 'fareBasis': 'TAA3AKES', 'brandedFare': 'ECONOMY', 'class': 'T', 'sliceDiceIndicator': 'LOCAL_AVAILABILITY', 'includedCheckedBags': {'quantity': 0}}]}]"
flight-offer,25,GDS,False,False,False,2020-11-26,4,"[{'duration': 'PT10H40M', 'segments': [{'departure': {'iataCode': 'AUS', 'at': '2020-12-05T19:26:00'}, 'arrival': {'iataCode': 'LAS', 'terminal': '1', 'at': '2020-12-05T20:25:00'}, 'carrierCode': 'NK', 'number': '505', 'aircraft': {'code': '32A'}, 'operating': {'carrierCode': 'NK'}, 'duration': 'PT2H59M', 'id': '61', 'numberOfStops': 0, 'blacklistedInEU': False}, {'departure': {'iataCode': 'LAS', 'terminal': '1', 'at': '2020-12-06T01:30:00'}, 'arrival': {'iataCode': 'DFW', 'terminal': 'E', 'at': '2020-12-06T06:06:00'}, 'carrierCode': 'NK', 'number': '214', 'aircraft': {'code': '32A'}, 'operating': {'carrierCode': 'NK'}, 'duration': 'PT2H36M', 'id': '62', 'numberOfStops': 0, 'blacklistedInEU': False}]}]","{'currency': 'EUR', 'total': '130.06', 'base': '113.00', 'fees': [{'amount': '0.00', 'type': 'SUPPLIER'}, {'amount': '0.00', 'type': 'TICKETING'}], 'grandTotal': '130.06'}","{'fareType': ['PUBLISHED'], 'includedCheckedBagsOnly': False}",['NK'],"[{'travelerId': '1', 'fareOption': 'STANDARD', 'travelerType': 'ADULT', 'price': {'currency': 'EUR', 'total': '130.06', 'base': '113.00'}, 'fareDetailsBySegment': [{'segmentId': '61', 'cabin': 'ECONOMY', 'fareBasis': 'TA7NR', 'class': 'T'}, {'segmentId': '62', 'cabin': 'ECONOMY', 'fareBasis': 'UA7NR', 'class': 'U'}]}]"
flight-offer,26,GDS,False,False,False,2020-11-26,9,"[{'duration': 'PT12H54M', 'segments': [{'departure': {'iataCode': 'AUS', 'at': '2020-12-05T11:05:00'}, 'arrival': {'iataCode': 'EWR', 'terminal': 'C', 'at': '2020-12-05T16:05:00'}, 'carrierCode': 'UA', 'number': '228', 'aircraft': {'code': '319'}, 'operating': {'carrierCode': 'UA'}, 'duration': 'PT4H', 'id': '85', 'numberOfStops': 0, 'blacklistedInEU': False}, {'departure': {'iataCode': 'EWR', 'terminal': 'C', 'at': '2020-12-05T21:12:00'}, 'arrival': {'iataCode': 'DFW', 'terminal': 'E', 'at': '2020-12-05T23:59:00'}, 'carrierCode': 'UA', 'number': '3584', 'aircraft': {'code': 'E7W'}, 'duration': 'PT3H47M', 'id': '86', 'numberOfStops': 0, 'blacklistedInEU': False}]}]","{'currency': 'EUR', 'total': '136.06', 'base': '119.00', 'fees': [{'amount': '0.00', 'type': 'SUPPLIER'}, {'amount': '0.00', 'type': 'TICKETING'}], 'grandTotal': '136.06'}","{'fareType': ['PUBLISHED'], 'includedCheckedBagsOnly': False}",['UA'],"[{'travelerId': '1', 'fareOption': 'STANDARD', 'travelerType': 'ADULT', 'price': {'currency': 'EUR', 'total': '136.06', 'base': '119.00'}, 'fareDetailsBySegment': [{'segmentId': '85', 'cabin': 'ECONOMY', 'fareBasis': 'GAA3AHES', 'brandedFare': 'ECONOMY', 'class': 'G', 'sliceDiceIndicator': 'LOCAL_AVAILABILITY', 'includedCheckedBags': {'quantity': 0}}, {'segmentId': '86', 'cabin': 'ECONOMY', 'fareBasis': 'KAA7AFEN', 'brandedFare': 'ECONOMY', 'class': 'K', 'sliceDiceIndicator': 'LOCAL_AVAILABILITY', 'includedCheckedBags': {'quantity': 0}}]}]"
flight-offer,27,GDS,False,False,False,2020-11-26,9,"[{'duration': 'PT13H8M', 'segments': [{'departure': {'iataCode': 'AUS', 'at': '2020-12-05T06:04:00'}, 'arrival': {'iataCode': 'EWR', 'terminal': 'C', 'at': '2020-12-05T10:47:00'}, 'carrierCode': 'UA', 'number': '224', 'aircraft': {'code': '738'}, 'operating': {'carrierCode': 'UA'}, 'duration': 'PT3H43M', 'id': '11', 'numberOfStops': 0, 'blacklistedInEU': False}, {'departure': {'iataCode': 'EWR', 'terminal': 'C', 'at': '2020-12-05T16:08:00'}, 'arrival': {'iataCode': 'DFW', 'terminal': 'E', 'at': '2020-12-05T19:12:00'}, 'carrierCode': 'UA', 'number': '570', 'aircraft': {'code': '319'}, 'operating': {'carrierCode': 'UA'}, 'duration': 'PT4H4M', 'id': '12', 'numberOfStops': 0, 'blacklistedInEU': False}]}]","{'currency': 'EUR', 'total': '136.06', 'base': '119.00', 'fees': [{'amount': '0.00', 'type': 'SUPPLIER'}, {'amount': '0.00', 'type': 'TICKETING'}], 'grandTotal': '136.06'}","{'fareType': ['PUBLISHED'], 'includedCheckedBagsOnly': False}",['UA'],"[{'travelerId': '1', 'fareOption': 'STANDARD', 'travelerType': 'ADULT', 'price': {'currency': 'EUR', 'total': '136.06', 'base': '119.00'}, 'fareDetailsBySegment': [{'segmentId': '11', 'cabin': 'ECONOMY', 'fareBasis': 'GAA3AHES', 'brandedFare': 'ECONOMY', 'class': 'G', 'sliceDiceIndicator': 'LOCAL_AVAILABILITY', 'includedCheckedBags': {'quantity': 0}}, {'segmentId': '12', 'cabin': 'ECONOMY', 'fareBasis': 'KAA7AFEN', 'brandedFare': 'ECONOMY', 'class': 'K', 'sliceDiceIndicator': 'LOCAL_AVAILABILITY', 'includedCheckedBags': {'quantity': 0}}]}]"
flight-offer,28,GDS,False,False,False,2020-11-26,9,"[{'duration': 'PT14H2M', 'segments': [{'departure': {'iataCode': 'AUS', 'at': '2020-12-05T19:18:00'}, 'arrival': {'iataCode': 'EWR', 'terminal': 'C', 'at': '2020-12-06T00:11:00'}, 'carrierCode': 'UA', 'number': '298', 'aircraft': {'code': '319'}, 'operating': {'carrierCode': 'UA'}, 'duration': 'PT3H53M', 'id': '3', 'numberOfStops': 0, 'blacklistedInEU': False}, {'departure': {'iataCode': 'EWR', 'terminal': 'C', 'at': '2020-12-06T06:30:00'}, 'arrival': {'iataCode': 'DFW', 'terminal': 'E', 'at': '2020-12-06T09:20:00'}, 'carrierCode': 'UA', 'number': '1891', 'aircraft': {'code': '319'}, 'operating': {'carrierCode': 'UA'}, 'duration': 'PT3H50M', 'id': '4', 'numberOfStops': 0, 'blacklistedInEU': False}]}]","{'currency': 'EUR', 'total': '136.06', 'base': '119.00', 'fees': [{'amount': '0.00', 'type': 'SUPPLIER'}, {'amount': '0.00', 'type': 'TICKETING'}], 'grandTotal': '136.06'}","{'fareType': ['PUBLISHED'], 'includedCheckedBagsOnly': False}",['UA'],"[{'travelerId': '1', 'fareOption': 'STANDARD', 'travelerType': 'ADULT', 'price': {'currency': 'EUR', 'total': '136.06', 'base': '119.00'}, 'fareDetailsBySegment': [{'segmentId': '3', 'cabin': 'ECONOMY', 'fareBasis': 'GAA3AHES', 'brandedFare': 'ECONOMY', 'class': 'G', 'sliceDiceIndicator': 'LOCAL_AVAILABILITY', 'includedCheckedBags': {'quantity': 0}}, {'segmentId': '4', 'cabin': 'ECONOMY', 'fareBasis': 'KAA7AFEN', 'brandedFare': 'ECONOMY', 'class': 'K', 'sliceDiceIndicator': 'LOCAL_AVAILABILITY', 'includedCheckedBags': {'quantity': 0}}]}]"
flight-offer,29,GDS,False,False,False,2020-11-26,9,"[{'duration': 'PT14H56M', 'segments': [{'departure': {'iataCode': 'AUS', 'at': '2020-12-05T07:45:00'}, 'arrival': {'iataCode': 'EWR', 'terminal': 'C', 'at': '2020-12-05T12:29:00'}, 'carrierCode': 'UA', 'number': '817', 'aircraft': {'code': '320'}, 'operating': {'carrierCode': 'UA'}, 'duration': 'PT3H44M', 'id': '93', 'numberOfStops': 0, 'blacklistedInEU': False}, {'departure': {'iataCode': 'EWR', 'terminal': 'C', 'at': '2020-12-05T19:59:00'}, 'arrival': {'iataCode': 'DFW', 'terminal': 'E', 'at': '2020-12-05T22:41:00'}, 'carrierCode': 'UA', 'number': '1038', 'aircraft': {'code': '319'}, 'operating': {'carrierCode': 'UA'}, 'duration': 'PT3H42M', 'id': '94', 'numberOfStops': 0, 'blacklistedInEU': False}]}]","{'currency': 'EUR', 'total': '136.06', 'base': '119.00', 'fees': [{'amount': '0.00', 'type': 'SUPPLIER'}, {'amount': '0.00', 'type': 'TICKETING'}], 'grandTotal': '136.06'}","{'fareType': ['PUBLISHED'], 'includedCheckedBagsOnly': False}",['UA'],"[{'travelerId': '1', 'fareOption': 'STANDARD', 'travelerType': 'ADULT', 'price': {'currency': 'EUR', 'total': '136.06', 'base': '119.00'}, 'fareDetailsBySegment': [{'segmentId': '93', 'cabin': 'ECONOMY', 'fareBasis': 'GAA3AHES', 'brandedFare': 'ECONOMY', 'class': 'G', 'sliceDiceIndicator': 'LOCAL_AVAILABILITY', 'includedCheckedBags': {'quantity': 0}}, {'segmentId': '94', 'cabin': 'ECONOMY', 'fareBasis': 'KAA7AFEN', 'brandedFare': 'ECONOMY', 'class': 'K', 'sliceDiceIndicator': 'LOCAL_AVAILABILITY', 'includedCheckedBags': {'quantity': 0}}]}]"
flight-offer,30,GDS,False,False,False,2020-11-26,9,"[{'duration': 'PT16H14M', 'segments': [{'departure': {'iataCode': 'AUS', 'at': '2020-12-05T07:45:00'}, 'arrival': {'iataCode': 'EWR', 'terminal': 'C', 'at': '2020-12-05T12:29:00'}, 'carrierCode': 'UA', 'number': '817', 'aircraft': {'code': '320'}, 'operating': {'carrierCode': 'UA'}, 'duration': 'PT3H44M', 'id': '21', 'numberOfStops': 0, 'blacklistedInEU': False}, {'departure': {'iataCode': 'EWR', 'terminal': 'C', 'at': '2020-12-05T21:12:00'}, 'arrival': {'iataCode': 'DFW', 'terminal': 'E', 'at': '2020-12-05T23:59:00'}, 'carrierCode': 'UA', 'number': '3584', 'aircraft': {'code': 'E7W'}, 'duration': 'PT3H47M', 'id': '22', 'numberOfStops': 0, 'blacklistedInEU': False}]}]","{'currency': 'EUR', 'total': '136.06', 'base': '119.00', 'fees': [{'amount': '0.00', 'type': 'SUPPLIER'}, {'amount': '0.00', 'type': 'TICKETING'}], 'grandTotal': '136.06'}","{'fareType': ['PUBLISHED'], 'includedCheckedBagsOnly': False}",['UA'],"[{'travelerId': '1', 'fareOption': 'STANDARD', 'travelerType': 'ADULT', 'price': {'currency': 'EUR', 'total': '136.06', 'base': '119.00'}, 'fareDetailsBySegment': [{'segmentId': '21', 'cabin': 'ECONOMY', 'fareBasis': 'GAA3AHES', 'brandedFare': 'ECONOMY', 'class': 'G', 'sliceDiceIndicator': 'LOCAL_AVAILABILITY', 'includedCheckedBags': {'quantity': 0}}, {'segmentId': '22', 'cabin': 'ECONOMY', 'fareBasis': 'KAA7AFEN', 'brandedFare': 'ECONOMY', 'class': 'K', 'sliceDiceIndicator': 'LOCAL_AVAILABILITY', 'includedCheckedBags': {'quantity': 0}}]}]"
flight-offer,31,GDS,False,False,False,2020-11-26,9,"[{'duration': 'PT16H37M', 'segments': [{'departure': {'iataCode': 'AUS', 'at': '2020-12-05T06:04:00'}, 'arrival': {'iataCode': 'EWR', 'terminal': 'C', 'at': '2020-12-05T10:47:00'}, 'carrierCode': 'UA', 'number': '224', 'aircraft': {'code': '738'}, 'operating': {'carrierCode': 'UA'}, 'duration': 'PT3H43M', 'id': '49', 'numberOfStops': 0, 'blacklistedInEU': False}, {'departure': {'iataCode': 'EWR', 'terminal': 'C', 'at': '2020-12-05T19:59:00'}, 'arrival': {'iataCode': 'DFW', 'terminal': 'E', 'at': '2020-12-05T22:41:00'}, 'carrierCode': 'UA', 'number': '1038', 'aircraft': {'code': '319'}, 'operating': {'carrierCode': 'UA'}, 'duration': 'PT3H42M', 'id': '50', 'numberOfStops': 0, 'blacklistedInEU': False}]}]","{'currency': 'EUR', 'total': '136.06', 'base': '119.00', 'fees': [{'amount': '0.00', 'type': 'SUPPLIER'}, {'amount': '0.00', 'type': 'TICKETING'}], 'grandTotal': '136.06'}","{'fareType': ['PUBLISHED'], 'includedCheckedBagsOnly': False}",['UA'],"[{'travelerId': '1', 'fareOption': 'STANDARD', 'travelerType': 'ADULT', 'price': {'currency': 'EUR', 'total': '136.06', 'base': '119.00'}, 'fareDetailsBySegment': [{'segmentId': '49', 'cabin': 'ECONOMY', 'fareBasis': 'GAA3AHES', 'brandedFare': 'ECONOMY', 'class': 'G', 'sliceDiceIndicator': 'LOCAL_AVAILABILITY', 'includedCheckedBags': {'quantity': 0}}, {'segmentId': '50', 'cabin': 'ECONOMY', 'fareBasis': 'KAA7AFEN', 'brandedFare': 'ECONOMY', 'class': 'K', 'sliceDiceIndicator': 'LOCAL_AVAILABILITY', 'includedCheckedBags': {'quantity': 0}}]}]"
flight-offer,32,GDS,False,False,False,2020-11-26,9,"[{'duration': 'PT16H44M', 'segments': [{'departure': {'iataCode': 'AUS', 'at': '2020-12-05T19:18:00'}, 'arrival': {'iataCode': 'EWR', 'terminal': 'C', 'at': '2020-12-06T00:11:00'}, 'carrierCode': 'UA', 'number': '298', 'aircraft': {'code': '319'}, 'operating': {'carrierCode': 'UA'}, 'duration': 'PT3H53M', 'id': '65', 'numberOfStops': 0, 'blacklistedInEU': False}, {'departure': {'iataCode': 'EWR', 'terminal': 'C', 'at': '2020-12-06T09:12:00'}, 'arrival': {'iataCode': 'DFW', 'terminal': 'E', 'at': '2020-12-06T12:02:00'}, 'carrierCode': 'UA', 'number': '3485', 'aircraft': {'code': 'E70'}, 'duration': 'PT3H50M', 'id': '66', 'numberOfStops': 0, 'blacklistedInEU': False}]}]","{'currency': 'EUR', 'total': '136.06', 'base': '119.00', 'fees': [{'amount': '0.00', 'type': 'SUPPLIER'}, {'amount': '0.00', 'type': 'TICKETING'}], 'grandTotal': '136.06'}","{'fareType': ['PUBLISHED'], 'includedCheckedBagsOnly': False}",['UA'],"[{'travelerId': '1', 'fareOption': 'STANDARD', 'travelerType': 'ADULT', 'price': {'currency': 'EUR', 'total': '136.06', 'base': '119.00'}, 'fareDetailsBySegment': [{'segmentId': '65', 'cabin': 'ECONOMY', 'fareBasis': 'GAA3AHES', 'brandedFare': 'ECONOMY', 'class': 'G', 'sliceDiceIndicator': 'LOCAL_AVAILABILITY', 'includedCheckedBags': {'quantity': 0}}, {'segmentId': '66', 'cabin': 'ECONOMY', 'fareBasis': 'KAA7AFEN', 'brandedFare': 'ECONOMY', 'class': 'K', 'sliceDiceIndicator': 'LOCAL_AVAILABILITY', 'includedCheckedBags': {'quantity': 0}}]}]"
flight-offer,33,GDS,False,False,False,2020-11-26,9,"[{'duration': 'PT17H55M', 'segments': [{'departure': {'iataCode': 'AUS', 'at': '2020-12-05T06:04:00'}, 'arrival': {'iataCode': 'EWR', 'terminal': 'C', 'at': '2020-12-05T10:47:00'}, 'carrierCode': 'UA', 'number': '224', 'aircraft': {'code': '738'}, 'operating': {'carrierCode': 'UA'}, 'duration': 'PT3H43M', 'id': '91', 'numberOfStops': 0, 'blacklistedInEU': False}, {'departure': {'iataCode': 'EWR', 'terminal': 'C', 'at': '2020-12-05T21:12:00'}, 'arrival': {'iataCode': 'DFW', 'terminal': 'E', 'at': '2020-12-05T23:59:00'}, 'carrierCode': 'UA', 'number': '3584', 'aircraft': {'code': 'E7W'}, 'duration': 'PT3H47M', 'id': '92', 'numberOfStops': 0, 'blacklistedInEU': False}]}]","{'currency': 'EUR', 'total': '136.06', 'base': '119.00', 'fees': [{'amount': '0.00', 'type': 'SUPPLIER'}, {'amount': '0.00', 'type': 'TICKETING'}], 'grandTotal': '136.06'}","{'fareType': ['PUBLISHED'], 'includedCheckedBagsOnly': False}",['UA'],"[{'travelerId': '1', 'fareOption': 'STANDARD', 'travelerType': 'ADULT', 'price': {'currency': 'EUR', 'total': '136.06', 'base': '119.00'}, 'fareDetailsBySegment': [{'segmentId': '91', 'cabin': 'ECONOMY', 'fareBasis': 'GAA3AHES', 'brandedFare': 'ECONOMY', 'class': 'G', 'sliceDiceIndicator': 'LOCAL_AVAILABILITY', 'includedCheckedBags': {'quantity': 0}}, {'segmentId': '92', 'cabin': 'ECONOMY', 'fareBasis': 'KAA7AFEN', 'brandedFare': 'ECONOMY', 'class': 'K', 'sliceDiceIndicator': 'LOCAL_AVAILABILITY', 'includedCheckedBags': {'quantity': 0}}]}]"
flight-offer,34,GDS,False,False,False,2020-11-26,9,"[{'duration': 'PT18H46M', 'segments': [{'departure': {'iataCode': 'AUS', 'at': '2020-12-05T19:18:00'}, 'arrival': {'iataCode': 'EWR', 'terminal': 'C', 'at': '2020-12-06T00:11:00'}, 'carrierCode': 'UA', 'number': '298', 'aircraft': {'code': '319'}, 'operating': {'carrierCode': 'UA'}, 'duration': 'PT3H53M', 'id': '69', 'numberOfStops': 0, 'blacklistedInEU': False}, {'departure': {'iataCode': 'EWR', 'terminal': 'C', 'at': '2020-12-06T11:12:00'}, 'arrival': {'iataCode': 'DFW', 'terminal': 'E', 'at': '2020-12-06T14:04:00'}, 'carrierCode': 'UA', 'number': '2140', 'aircraft': {'code': '319'}, 'operating': {'carrierCode': 'UA'}, 'duration': 'PT3H52M', 'id': '70', 'numberOfStops': 0, 'blacklistedInEU': False}]}]","{'currency': 'EUR', 'total': '136.06', 'base': '119.00', 'fees': [{'amount': '0.00', 'type': 'SUPPLIER'}, {'amount': '0.00', 'type': 'TICKETING'}], 'grandTotal': '136.06'}","{'fareType': ['PUBLISHED'], 'includedCheckedBagsOnly': False}",['UA'],"[{'travelerId': '1', 'fareOption': 'STANDARD', 'travelerType': 'ADULT', 'price': {'currency': 'EUR', 'total': '136.06', 'base': '119.00'}, 'fareDetailsBySegment': [{'segmentId': '69', 'cabin': 'ECONOMY', 'fareBasis': 'GAA3AHES', 'brandedFare': 'ECONOMY', 'class': 'G', 'sliceDiceIndicator': 'LOCAL_AVAILABILITY', 'includedCheckedBags': {'quantity': 0}}, {'segmentId': '70', 'cabin': 'ECONOMY', 'fareBasis': 'KAA7AFEN', 'brandedFare': 'ECONOMY', 'class': 'K', 'sliceDiceIndicator': 'LOCAL_AVAILABILITY', 'includedCheckedBags': {'quantity': 0}}]}]"
flight-offer,35,GDS,False,False,False,2020-11-26,4,"[{'duration': 'PT8H19M', 'segments': [{'departure': {'iataCode': 'AUS', 'at': '2020-12-05T11:18:00'}, 'arrival': {'iataCode': 'ATL', 'terminal': 'N', 'at': '2020-12-05T14:32:00'}, 'carrierCode': 'NK', 'number': '1821', 'aircraft': {'code': '32A'}, 'operating': {'carrierCode': 'NK'}, 'duration': 'PT2H14M', 'id': '27', 'numberOfStops': 0, 'blacklistedInEU': False}, {'departure': {'iataCode': 'ATL', 'terminal': 'N', 'at': '2020-12-05T18:10:00'}, 'arrival': {'iataCode': 'DFW', 'terminal': 'E', 'at': '2020-12-05T19:37:00'}, 'carrierCode': 'NK', 'number': '233', 'aircraft': {'code': '32A'}, 'operating': {'carrierCode': 'NK'}, 'duration': 'PT2H27M', 'id': '28', 'numberOfStops': 0, 'blacklistedInEU': False}]}]","{'currency': 'EUR', 'total': '138.33', 'base': '126.00', 'fees': [{'amount': '0.00', 'type': 'SUPPLIER'}, {'amount': '0.00', 'type': 'TICKETING'}], 'grandTotal': '138.33'}","{'fareType': ['PUBLISHED'], 'includedCheckedBagsOnly': False}",['NK'],"[{'travelerId': '1', 'fareOption': 'STANDARD', 'travelerType': 'ADULT', 'price': {'currency': 'EUR', 'total': '138.33', 'base': '126.00'}, 'fareDetailsBySegment': [{'segmentId': '27', 'cabin': 'ECONOMY', 'fareBasis': 'TA7NR', 'class': 'T'}, {'segmentId': '28', 'cabin': 'ECONOMY', 'fareBasis': 'UA7NR', 'class': 'U'}]}]"
flight-offer,36,GDS,False,False,False,2020-11-26,4,"[{'duration': 'PT7H50M', 'segments': [{'departure': {'iataCode': 'AUS', 'at': '2020-12-05T12:15:00'}, 'arrival': {'iataCode': 'FLL', 'terminal': '4', 'at': '2020-12-05T16:00:00'}, 'carrierCode': 'NK', 'number': '512', 'aircraft': {'code': '32N'}, 'operating': {'carrierCode': 'NK'}, 'duration': 'PT2H45M', 'id': '75', 'numberOfStops': 0, 'blacklistedInEU': False}, {'departure': {'iataCode': 'FLL', 'terminal': '4', 'at': '2020-12-05T17:52:00'}, 'arrival': {'iataCode': 'DFW', 'terminal': 'E', 'at': '2020-12-05T20:05:00'}, 'carrierCode': 'NK', 'number': '1966', 'aircraft': {'code': '32B'}, 'operating': {'carrierCode': 'NK'}, 'duration': 'PT3H13M', 'id': '76', 'numberOfStops': 0, 'blacklistedInEU': False}]}]","{'currency': 'EUR', 'total': '141.33', 'base': '129.00', 'fees': [{'amount': '0.00', 'type': 'SUPPLIER'}, {'amount': '0.00', 'type': 'TICKETING'}], 'grandTotal': '141.33'}","{'fareType': ['PUBLISHED'], 'includedCheckedBagsOnly': False}",['NK'],"[{'travelerId': '1', 'fareOption': 'STANDARD', 'travelerType': 'ADULT', 'price': {'currency': 'EUR', 'total': '141.33', 'base': '129.00'}, 'fareDetailsBySegment': [{'segmentId': '75', 'cabin': 'ECONOMY', 'fareBasis': 'U7C1NR', 'class': 'U'}, {'segmentId': '76', 'cabin': 'ECONOMY', 'fareBasis': 'TA7NR', 'class': 'T'}]}]"
flight-offer,37,GDS,False,False,False,2020-11-26,4,"[{'duration': 'PT12H57M', 'segments': [{'departure': {'iataCode': 'AUS', 'at': '2020-12-05T12:15:00'}, 'arrival': {'iataCode': 'FLL', 'terminal': '4', 'at': '2020-12-05T16:00:00'}, 'carrierCode': 'NK', 'number': '512', 'aircraft': {'code': '32N'}, 'operating': {'carrierCode': 'NK'}, 'duration': 'PT2H45M', 'id': '95', 'numberOfStops': 0, 'blacklistedInEU': False}, {'departure': {'iataCode': 'FLL', 'terminal': '4', 'at': '2020-12-05T22:59:00'}, 'arrival': {'iataCode': 'DFW', 'terminal': 'E', 'at': '2020-12-06T01:12:00'}, 'carrierCode': 'NK', 'number': '971', 'aircraft': {'code': '32B'}, 'operating': {'carrierCode': 'NK'}, 'duration': 'PT3H13M', 'id': '96', 'numberOfStops': 0, 'blacklistedInEU': False}]}]","{'currency': 'EUR', 'total': '146.06', 'base': '129.00', 'fees': [{'amount': '0.00', 'type': 'SUPPLIER'}, {'amount': '0.00', 'type': 'TICKETING'}], 'grandTotal': '146.06'}","{'fareType': ['PUBLISHED'], 'includedCheckedBagsOnly': False}",['NK'],"[{'travelerId': '1', 'fareOption': 'STANDARD', 'travelerType': 'ADULT', 'price': {'currency': 'EUR', 'total': '146.06', 'base': '129.00'}, 'fareDetailsBySegment': [{'segmentId': '95', 'cabin': 'ECONOMY', 'fareBasis': 'U7C1NR', 'class': 'U'}, {'segmentId': '96', 'cabin': 'ECONOMY', 'fareBasis': 'TA7NR', 'class': 'T'}]}]"
flight-offer,38,GDS,False,False,False,2020-11-26,4,"[{'duration': 'PT17H5M', 'segments': [{'departure': {'iataCode': 'AUS', 'at': '2020-12-05T07:00:00'}, 'arrival': {'iataCode': 'BWI', 'at': '2020-12-05T11:06:00'}, 'carrierCode': 'NK', 'number': '1300', 'aircraft': {'code': '32A'}, 'operating': {'carrierCode': 'NK'}, 'duration': 'PT3H6M', 'id': '7', 'numberOfStops': 0, 'blacklistedInEU': False}, {'departure': {'iataCode': 'BWI', 'at': '2020-12-05T21:25:00'}, 'arrival': {'iataCode': 'DFW', 'terminal': 'E', 'at': '2020-12-06T00:05:00'}, 'carrierCode': 'NK', 'number': '667', 'aircraft': {'code': '32B'}, 'operating': {'carrierCode': 'NK'}, 'duration': 'PT3H40M', 'id': '8', 'numberOfStops': 0, 'blacklistedInEU': False}]}]","{'currency': 'EUR', 'total': '147.06', 'base': '130.00', 'fees': [{'amount': '0.00', 'type': 'SUPPLIER'}, {'amount': '0.00', 'type': 'TICKETING'}], 'grandTotal': '147.06'}","{'fareType': ['PUBLISHED'], 'includedCheckedBagsOnly': False}",['NK'],"[{'travelerId': '1', 'fareOption': 'STANDARD', 'travelerType': 'ADULT', 'price': {'currency': 'EUR', 'total': '147.06', 'base': '130.00'}, 'fareDetailsBySegment': [{'segmentId': '7', 'cabin': 'ECONOMY', 'fareBasis': 'TA7NR', 'class': 'T'}, {'segmentId': '8', 'cabin': 'ECONOMY', 'fareBasis': 'UA7NR', 'class': 'U'}]}]"
flight-offer,39,GDS,False,False,False,2020-11-26,9,"[{'duration': 'PT9H8M', 'segments': [{'departure': {'iataCode': 'AUS', 'at': '2020-12-05T11:25:00'}, 'arrival': {'iataCode': 'DEN', 'at': '2020-12-05T12:45:00'}, 'carrierCode': 'UA', 'number': '456', 'aircraft': {'code': '319'}, 'operating': {'carrierCode': 'UA'}, 'duration': 'PT2H20M', 'id': '9', 'numberOfStops': 0, 'blacklistedInEU': False}, {'departure': {'iataCode': 'DEN', 'at': '2020-12-05T17:25:00'}, 'arrival': {'iataCode': 'DFW', 'terminal': 'E', 'at': '2020-12-05T20:33:00'}, 'carrierCode': 'UA', 'number': '2215', 'aircraft': {'code': '319'}, 'operating': {'carrierCode': 'UA'}, 'duration': 'PT2H8M', 'id': '10', 'numberOfStops': 0, 'blacklistedInEU': False}]}]","{'currency': 'EUR', 'total': '151.06', 'base': '134.00', 'fees': [{'amount': '0.00', 'type': 'SUPPLIER'}, {'amount': '0.00', 'type': 'TICKETING'}], 'grandTotal': '151.06'}","{'fareType': ['PUBLISHED'], 'includedCheckedBagsOnly': False}",['UA'],"[{'travelerId': '1', 'fareOption': 'STANDARD', 'travelerType': 'ADULT', 'price': {'currency': 'EUR', 'total': '151.06', 'base': '134.00'}, 'fareDetailsBySegment': [{'segmentId': '9', 'cabin': 'ECONOMY', 'fareBasis': 'KAA7ACDN', 'brandedFare': 'ECONOMY', 'class': 'K', 'sliceDiceIndicator': 'LOCAL_AVAILABILITY', 'includedCheckedBags': {'quantity': 0}}, {'segmentId': '10', 'cabin': 'ECONOMY', 'fareBasis': 'KAA3AWEN', 'brandedFare': 'ECONOMY', 'class': 'K', 'sliceDiceIndicator': 'LOCAL_AVAILABILITY', 'includedCheckedBags': {'quantity': 0}}]}]"
flight-offer,40,GDS,False,False,False,2020-11-26,9,"[{'duration': 'PT10H54M', 'segments': [{'departure': {'iataCode': 'AUS', 'at': '2020-12-05T05:40:00'}, 'arrival': {'iataCode': 'DEN', 'at': '2020-12-05T06:57:00'}, 'carrierCode': 'UA', 'number': '1690', 'aircraft': {'code': '320'}, 'operating': {'carrierCode': 'UA'}, 'duration': 'PT2H17M', 'id': '83', 'numberOfStops': 0, 'blacklistedInEU': False}, {'departure': {'iataCode': 'DEN', 'at': '2020-12-05T13:39:00'}, 'arrival': {'iataCode': 'DFW', 'terminal': 'E', 'at': '2020-12-05T16:34:00'}, 'carrierCode': 'UA', 'number': '2246', 'aircraft': {'code': '319'}, 'operating': {'carrierCode': 'UA'}, 'duration': 'PT1H55M', 'id': '84', 'numberOfStops': 0, 'blacklistedInEU': False}]}]","{'currency': 'EUR', 'total': '151.06', 'base': '134.00', 'fees': [{'amount': '0.00', 'type': 'SUPPLIER'}, {'amount': '0.00', 'type': 'TICKETING'}], 'grandTotal': '151.06'}","{'fareType': ['PUBLISHED'], 'includedCheckedBagsOnly': False}",['UA'],"[{'travelerId': '1', 'fareOption': 'STANDARD', 'travelerType': 'ADULT', 'price': {'currency': 'EUR', 'total': '151.06', 'base': '134.00'}, 'fareDetailsBySegment': [{'segmentId': '83', 'cabin': 'ECONOMY', 'fareBasis': 'KAA7ACDN', 'brandedFare': 'ECONOMY', 'class': 'K', 'sliceDiceIndicator': 'LOCAL_AVAILABILITY', 'includedCheckedBags': {'quantity': 0}}, {'segmentId': '84', 'cabin': 'ECONOMY', 'fareBasis': 'KAA3AWEN', 'brandedFare': 'ECONOMY', 'class': 'K', 'sliceDiceIndicator': 'LOCAL_AVAILABILITY', 'includedCheckedBags': {'quantity': 0}}]}]"
flight-offer,41,GDS,False,False,False,2020-11-26,9,"[{'duration': 'PT11H40M', 'segments': [{'departure': {'iataCode': 'AUS', 'at': '2020-12-05T08:53:00'}, 'arrival': {'iataCode': 'DEN', 'at': '2020-12-05T10:13:00'}, 'carrierCode': 'UA', 'number': '671', 'aircraft': {'code': '738'}, 'operating': {'carrierCode': 'UA'}, 'duration': 'PT2H20M', 'id': '63', 'numberOfStops': 0, 'blacklistedInEU': False}, {'departure': {'iataCode': 'DEN', 'at': '2020-12-05T17:25:00'}, 'arrival': {'iataCode': 'DFW', 'terminal': 'E', 'at': '2020-12-05T20:33:00'}, 'carrierCode': 'UA', 'number': '2215', 'aircraft': {'code': '319'}, 'operating': {'carrierCode': 'UA'}, 'duration': 'PT2H8M', 'id': '64', 'numberOfStops': 0, 'blacklistedInEU': False}]}]","{'currency': 'EUR', 'total': '151.06', 'base': '134.00', 'fees': [{'amount': '0.00', 'type': 'SUPPLIER'}, {'amount': '0.00', 'type': 'TICKETING'}], 'grandTotal': '151.06'}","{'fareType': ['PUBLISHED'], 'includedCheckedBagsOnly': False}",['UA'],"[{'travelerId': '1', 'fareOption': 'STANDARD', 'travelerType': 'ADULT', 'price': {'currency': 'EUR', 'total': '151.06', 'base': '134.00'}, 'fareDetailsBySegment': [{'segmentId': '63', 'cabin': 'ECONOMY', 'fareBasis': 'KAA7ACDN', 'brandedFare': 'ECONOMY', 'class': 'K', 'sliceDiceIndicator': 'LOCAL_AVAILABILITY', 'includedCheckedBags': {'quantity': 0}}, {'segmentId': '64', 'cabin': 'ECONOMY', 'fareBasis': 'KAA3AWEN', 'brandedFare': 'ECONOMY', 'class': 'K', 'sliceDiceIndicator': 'LOCAL_AVAILABILITY', 'includedCheckedBags': {'quantity': 0}}]}]"
flight-offer,42,GDS,False,False,False,2020-11-26,9,"[{'duration': 'PT11H53M', 'segments': [{'departure': {'iataCode': 'AUS', 'at': '2020-12-05T11:25:00'}, 'arrival': {'iataCode': 'DEN', 'at': '2020-12-05T12:45:00'}, 'carrierCode': 'UA', 'number': '456', 'aircraft': {'code': '319'}, 'operating': {'carrierCode': 'UA'}, 'duration': 'PT2H20M', 'id': '79', 'numberOfStops': 0, 'blacklistedInEU': False}, {'departure': {'iataCode': 'DEN', 'at': '2020-12-05T20:20:00'}, 'arrival': {'iataCode': 'DFW', 'terminal': 'E', 'at': '2020-12-05T23:18:00'}, 'carrierCode': 'UA', 'number': '772', 'aircraft': {'code': '319'}, 'operating': {'carrierCode': 'UA'}, 'duration': 'PT1H58M', 'id': '80', 'numberOfStops': 0, 'blacklistedInEU': False}]}]","{'currency': 'EUR', 'total': '151.06', 'base': '134.00', 'fees': [{'amount': '0.00', 'type': 'SUPPLIER'}, {'amount': '0.00', 'type': 'TICKETING'}], 'grandTotal': '151.06'}","{'fareType': ['PUBLISHED'], 'includedCheckedBagsOnly': False}",['UA'],"[{'travelerId': '1', 'fareOption': 'STANDARD', 'travelerType': 'ADULT', 'price': {'currency': 'EUR', 'total': '151.06', 'base': '134.00'}, 'fareDetailsBySegment': [{'segmentId': '79', 'cabin': 'ECONOMY', 'fareBasis': 'KAA7ACDN', 'brandedFare': 'ECONOMY', 'class': 'K', 'sliceDiceIndicator': 'LOCAL_AVAILABILITY', 'includedCheckedBags': {'quantity': 0}}, {'segmentId': '80', 'cabin': 'ECONOMY', 'fareBasis': 'KAA3AWEN', 'brandedFare': 'ECONOMY', 'class': 'K', 'sliceDiceIndicator': 'LOCAL_AVAILABILITY', 'includedCheckedBags': {'quantity': 0}}]}]"
flight-offer,43,GDS,False,False,False,2020-11-26,9,"[{'duration': 'PT14H25M', 'segments': [{'departure': {'iataCode': 'AUS', 'at': '2020-12-05T08:53:00'}, 'arrival': {'iataCode': 'DEN', 'at': '2020-12-05T10:13:00'}, 'carrierCode': 'UA', 'number': '671', 'aircraft': {'code': '738'}, 'operating': {'carrierCode': 'UA'}, 'duration': 'PT2H20M', 'id': '35', 'numberOfStops': 0, 'blacklistedInEU': False}, {'departure': {'iataCode': 'DEN', 'at': '2020-12-05T20:20:00'}, 'arrival': {'iataCode': 'DFW', 'terminal': 'E', 'at': '2020-12-05T23:18:00'}, 'carrierCode': 'UA', 'number': '772', 'aircraft': {'code': '319'}, 'operating': {'carrierCode': 'UA'}, 'duration': 'PT1H58M', 'id': '36', 'numberOfStops': 0, 'blacklistedInEU': False}]}]","{'currency': 'EUR', 'total': '151.06', 'base': '134.00', 'fees': [{'amount': '0.00', 'type': 'SUPPLIER'}, {'amount': '0.00', 'type': 'TICKETING'}], 'grandTotal': '151.06'}","{'fareType': ['PUBLISHED'], 'includedCheckedBagsOnly': False}",['UA'],"[{'travelerId': '1', 'fareOption': 'STANDARD', 'travelerType': 'ADULT', 'price': {'currency': 'EUR', 'total': '151.06', 'base': '134.00'}, 'fareDetailsBySegment': [{'segmentId': '35', 'cabin': 'ECONOMY', 'fareBasis': 'KAA7ACDN', 'brandedFare': 'ECONOMY', 'class': 'K', 'sliceDiceIndicator': 'LOCAL_AVAILABILITY', 'includedCheckedBags': {'quantity': 0}}, {'segmentId': '36', 'cabin': 'ECONOMY', 'fareBasis': 'KAA3AWEN', 'brandedFare': 'ECONOMY', 'class': 'K', 'sliceDiceIndicator': 'LOCAL_AVAILABILITY', 'includedCheckedBags': {'quantity': 0}}]}]"
flight-offer,44,GDS,False,False,False,2020-11-26,9,"[{'duration': 'PT14H53M', 'segments': [{'departure': {'iataCode': 'AUS', 'at': '2020-12-05T05:40:00'}, 'arrival': {'iataCode': 'DEN', 'at': '2020-12-05T06:57:00'}, 'carrierCode': 'UA', 'number': '1690', 'aircraft': {'code': '320'}, 'operating': {'carrierCode': 'UA'}, 'duration': 'PT2H17M', 'id': '81', 'numberOfStops': 0, 'blacklistedInEU': False}, {'departure': {'iataCode': 'DEN', 'at': '2020-12-05T17:25:00'}, 'arrival': {'iataCode': 'DFW', 'terminal': 'E', 'at': '2020-12-05T20:33:00'}, 'carrierCode': 'UA', 'number': '2215', 'aircraft': {'code': '319'}, 'operating': {'carrierCode': 'UA'}, 'duration': 'PT2H8M', 'id': '82', 'numberOfStops': 0, 'blacklistedInEU': False}]}]","{'currency': 'EUR', 'total': '151.06', 'base': '134.00', 'fees': [{'amount': '0.00', 'type': 'SUPPLIER'}, {'amount': '0.00', 'type': 'TICKETING'}], 'grandTotal': '151.06'}","{'fareType': ['PUBLISHED'], 'includedCheckedBagsOnly': False}",['UA'],"[{'travelerId': '1', 'fareOption': 'STANDARD', 'travelerType': 'ADULT', 'price': {'currency': 'EUR', 'total': '151.06', 'base': '134.00'}, 'fareDetailsBySegment': [{'segmentId': '81', 'cabin': 'ECONOMY', 'fareBasis': 'KAA7ACDN', 'brandedFare': 'ECONOMY', 'class': 'K', 'sliceDiceIndicator': 'LOCAL_AVAILABILITY', 'includedCheckedBags': {'quantity': 0}}, {'segmentId': '82', 'cabin': 'ECONOMY', 'fareBasis': 'KAA3AWEN', 'brandedFare': 'ECONOMY', 'class': 'K', 'sliceDiceIndicator': 'LOCAL_AVAILABILITY', 'includedCheckedBags': {'quantity': 0}}]}]"
flight-offer,45,GDS,False,False,False,2020-11-26,9,"[{'duration': 'PT17H38M', 'segments': [{'departure': {'iataCode': 'AUS', 'at': '2020-12-05T05:40:00'}, 'arrival': {'iataCode': 'DEN', 'at': '2020-12-05T06:57:00'}, 'carrierCode': 'UA', 'number': '1690', 'aircraft': {'code': '320'}, 'operating': {'carrierCode': 'UA'}, 'duration': 'PT2H17M', 'id': '53', 'numberOfStops': 0, 'blacklistedInEU': False}, {'departure': {'iataCode': 'DEN', 'at': '2020-12-05T20:20:00'}, 'arrival': {'iataCode': 'DFW', 'terminal': 'E', 'at': '2020-12-05T23:18:00'}, 'carrierCode': 'UA', 'number': '772', 'aircraft': {'code': '319'}, 'operating': {'carrierCode': 'UA'}, 'duration': 'PT1H58M', 'id': '54', 'numberOfStops': 0, 'blacklistedInEU': False}]}]","{'currency': 'EUR', 'total': '151.06', 'base': '134.00', 'fees': [{'amount': '0.00', 'type': 'SUPPLIER'}, {'amount': '0.00', 'type': 'TICKETING'}], 'grandTotal': '151.06'}","{'fareType': ['PUBLISHED'], 'includedCheckedBagsOnly': False}",['UA'],"[{'travelerId': '1', 'fareOption': 'STANDARD', 'travelerType': 'ADULT', 'price': {'currency': 'EUR', 'total': '151.06', 'base': '134.00'}, 'fareDetailsBySegment': [{'segmentId': '53', 'cabin': 'ECONOMY', 'fareBasis': 'KAA7ACDN', 'brandedFare': 'ECONOMY', 'class': 'K', 'sliceDiceIndicator': 'LOCAL_AVAILABILITY', 'includedCheckedBags': {'quantity': 0}}, {'segmentId': '54', 'cabin': 'ECONOMY', 'fareBasis': 'KAA3AWEN', 'brandedFare': 'ECONOMY', 'class': 'K', 'sliceDiceIndicator': 'LOCAL_AVAILABILITY', 'includedCheckedBags': {'quantity': 0}}]}]"
flight-offer,46,GDS,False,False,False,2020-11-26,4,"[{'duration': 'PT6H30M', 'segments': [{'departure': {'iataCode': 'AUS', 'at': '2020-12-05T15:27:00'}, 'arrival': {'iataCode': 'DTW', 'terminal': 'N', 'at': '2020-12-05T19:16:00'}, 'carrierCode': 'NK', 'number': '964', 'aircraft': {'code': '32A'}, 'operating': {'carrierCode': 'NK'}, 'duration': 'PT2H49M', 'id': '43', 'numberOfStops': 0, 'blacklistedInEU': False}, {'departure': {'iataCode': 'DTW', 'terminal': 'N', 'at': '2020-12-05T19:59:00'}, 'arrival': {'iataCode': 'DFW', 'terminal': 'E', 'at': '2020-12-05T21:57:00'}, 'carrierCode': 'NK', 'number': '313', 'aircraft': {'code': '32A'}, 'operating': {'carrierCode': 'NK'}, 'duration': 'PT2H58M', 'id': '44', 'numberOfStops': 0, 'blacklistedInEU': False}]}]","{'currency': 'EUR', 'total': '158.33', 'base': '146.00', 'fees': [{'amount': '0.00', 'type': 'SUPPLIER'}, {'amount': '0.00', 'type': 'TICKETING'}], 'grandTotal': '158.33'}","{'fareType': ['PUBLISHED'], 'includedCheckedBagsOnly': False}",['NK'],"[{'travelerId': '1', 'fareOption': 'STANDARD', 'travelerType': 'ADULT', 'price': {'currency': 'EUR', 'total': '158.33', 'base': '146.00'}, 'fareDetailsBySegment': [{'segmentId': '43', 'cabin': 'ECONOMY', 'fareBasis': 'TA7NR', 'class': 'T'}, {'segmentId': '44', 'cabin': 'ECONOMY', 'fareBasis': 'RA7NR', 'class': 'R'}]}]"
flight-offer,47,GDS,False,False,False,2020-11-26,7,"[{'duration': 'PT11H17M', 'segments': [{'departure': {'iataCode': 'AUS', 'at': '2020-12-05T10:47:00'}, 'arrival': {'iataCode': 'ATL', 'terminal': 'S', 'at': '2020-12-05T13:50:00'}, 'carrierCode': 'DL', 'number': '1220', 'aircraft': {'code': '321'}, 'operating': {'carrierCode': 'DL'}, 'duration': 'PT2H3M', 'id': '25', 'numberOfStops': 0, 'blacklistedInEU': False}, {'departure': {'iataCode': 'ATL', 'terminal': 'S', 'at': '2020-12-05T20:55:00'}, 'arrival': {'iataCode': 'DAL', 'terminal': '1', 'at': '2020-12-05T22:04:00'}, 'carrierCode': 'DL', 'number': '1277', 'aircraft': {'code': '717'}, 'operating': {'carrierCode': 'DL'}, 'duration': 'PT2H9M', 'id': '26', 'numberOfStops': 0, 'blacklistedInEU': False}]}]","{'currency': 'EUR', 'total': '267.06', 'base': '250.00', 'fees': [{'amount': '0.00', 'type': 'SUPPLIER'}, {'amount': '0.00', 'type': 'TICKETING'}], 'grandTotal': '267.06'}","{'fareType': ['PUBLISHED'], 'includedCheckedBagsOnly': False}",['DL'],"[{'travelerId': '1', 'fareOption': 'STANDARD', 'travelerType': 'ADULT', 'price': {'currency': 'EUR', 'total': '267.06', 'base': '250.00'}, 'fareDetailsBySegment': [{'segmentId': '25', 'cabin': 'ECONOMY', 'fareBasis': 'LA3SA0BC', 'brandedFare': 'BASICECON', 'class': 'E', 'sliceDiceIndicator': 'LOCAL_AVAILABILITY', 'includedCheckedBags': {'quantity': 0}}, {'segmentId': '26', 'cabin': 'ECONOMY', 'fareBasis': 'TA7SA0BC', 'brandedFare': 'BASICECON', 'class': 'E', 'sliceDiceIndicator': 'LOCAL_AVAILABILITY', 'includedCheckedBags': {'quantity': 0}}]}]"
flight-offer,48,GDS,False,False,False,2020-11-25,1,"[{'duration': 'PT9H29M', 'segments': [{'departure': {'iataCode': 'AUS', 'at': '2020-12-05T13:30:00'}, 'arrival': {'iataCode': 'PDX', 'at': '2020-12-05T15:45:00'}, 'carrierCode': 'AS', 'number': '1087', 'aircraft': {'code': '320'}, 'operating': {'carrierCode': 'AS'}, 'duration': 'PT4H15M', 'id': '41', 'numberOfStops': 0, 'blacklistedInEU': False}, {'departure': {'iataCode': 'PDX', 'at': '2020-12-05T17:00:00'}, 'arrival': {'iataCode': 'DAL', 'terminal': '1', 'at': '2020-12-05T22:59:00'}, 'carrierCode': 'AS', 'number': '3312', 'aircraft': {'code': 'E75'}, 'duration': 'PT3H59M', 'id': '42', 'numberOfStops': 0, 'blacklistedInEU': False}]}]","{'currency': 'EUR', 'total': '325.33', 'base': '313.00', 'fees': [{'amount': '0.00', 'type': 'SUPPLIER'}, {'amount': '0.00', 'type': 'TICKETING'}], 'grandTotal': '325.33'}","{'fareType': ['PUBLISHED'], 'includedCheckedBagsOnly': False}",['AS'],"[{'travelerId': '1', 'fareOption': 'STANDARD', 'travelerType': 'ADULT', 'price': {'currency': 'EUR', 'total': '325.33', 'base': '313.00'}, 'fareDetailsBySegment': [{'segmentId': '41', 'cabin': 'ECONOMY', 'fareBasis': 'TH7OAVBN', 'brandedFare': 'SV', 'class': 'X', 'includedCheckedBags': {'quantity': 0}}, {'segmentId': '42', 'cabin': 'ECONOMY', 'fareBasis': 'VH9OAVBN', 'brandedFare': 'SV', 'class': 'X', 'includedCheckedBags': {'quantity': 0}}]}]"
