uid,index_x,duration,segments,index_y,currency,total,base,fees,grandTotal,origin,destination,airline_code
100,0,PT10H38M,"[{'departure': {'iataCode': 'AUS', 'at': '2020-12-05T12:41:00'}, 'arrival': {'iataCode': 'ORD', 'terminal': '3', 'at': '2020-12-05T15:21:00'}, 'carrierCode': 'NK', 'number': '176', 'aircraft': {'code': '32A'}, 'operating': {'carrierCode': 'NK'}, 'duration': 'PT2H40M', 'id': '57', 'numberOfStops': 0, 'blacklistedInEU': False}, {'departure': {'iataCode': 'ORD', 'terminal': '3', 'at': '2020-12-05T20:44:00'}, 'arrival': {'iataCode': 'DFW', 'terminal': 'E', 'at': '2020-12-05T23:19:00'}, 'carrierCode': 'NK', 'number': '903', 'aircraft': {'code': '32B'}, 'operating': {'carrierCode': 'NK'}, 'duration': 'PT2H35M', 'id': '58', 'numberOfStops': 0, 'blacklistedInEU': False}]",0,USD,123.18,102.98,"{'amount': '0.00', 'type': 'SUPPLIER'}",123.18,AUS,DFW,NK
101,1,PT6H47M,"[{'departure': {'iataCode': 'AUS', 'at': '2020-12-05T16:05:00'}, 'arrival': {'iataCode': 'MCO', 'at': '2020-12-05T19:42:00'}, 'carrierCode': 'NK', 'number': '2328', 'aircraft': {'code': '32A'}, 'operating': {'carrierCode': 'NK'}, 'duration': 'PT2H37M', 'id': '77', 'numberOfStops': 0, 'blacklistedInEU': False}, {'departure': {'iataCode': 'MCO', 'at': '2020-12-05T20:55:00'}, 'arrival': {'iataCode': 'DFW', 'terminal': 'E', 'at': '2020-12-05T22:52:00'}, 'carrierCode': 'NK', 'number': '407', 'aircraft': {'code': '32A'}, 'operating': {'carrierCode': 'NK'}, 'duration': 'PT2H57M', 'id': '78', 'numberOfStops': 0, 'blacklistedInEU': False}]",0,USD,123.18,102.98,"{'amount': '0.00', 'type': 'TICKETING'}",123.18,AUS,DFW,NK
102,2,PT8H50M,"[{'departure': {'iataCode': 'AUS', 'at': '2020-12-05T14:02:00'}, 'arrival': {'iataCode': 'MCO', 'at': '2020-12-05T17:37:00'}, 'carrierCode': 'NK', 'number': '732', 'aircraft': {'code': '32A'}, 'operating': {'carrierCode': 'NK'}, 'duration': 'PT2H35M', 'id': '83', 'numberOfStops': 0, 'blacklistedInEU': False}, {'departure': {'iataCode': 'MCO', 'at': '2020-12-05T20:55:00'}, 'arrival': {'iataCode': 'DFW', 'terminal': 'E', 'at': '2020-12-05T22:52:00'}, 'carrierCode': 'NK', 'number': '407', 'aircraft': {'code': '32A'}, 'operating': {'carrierCode': 'NK'}, 'duration': 'PT2H57M', 'id': '84', 'numberOfStops': 0, 'blacklistedInEU': False}]",1,USD,133.58,118.98,"{'amount': '0.00', 'type': 'SUPPLIER'}",133.58,AUS,DFW,NK
103,3,PT20H25M,"[{'departure': {'iataCode': 'AUS', 'at': '2020-12-05T16:05:00'}, 'arrival': {'iataCode': 'MCO', 'at': '2020-12-05T19:42:00'}, 'carrierCode': 'NK', 'number': '2328', 'aircraft': {'code': '32A'}, 'operating': {'carrierCode': 'NK'}, 'duration': 'PT2H37M', 'id': '39', 'numberOfStops': 0, 'blacklistedInEU': False}, {'departure': {'iataCode': 'MCO', 'at': '2020-12-06T10:33:00'}, 'arrival': {'iataCode': 'DFW', 'terminal': 'E', 'at': '2020-12-06T12:30:00'}, 'carrierCode': 'NK', 'number': '405', 'aircraft': {'code': '32A'}, 'operating': {'carrierCode': 'NK'}, 'duration': 'PT2H57M', 'id': '40', 'numberOfStops': 0, 'blacklistedInEU': False}]",1,USD,133.58,118.98,"{'amount': '0.00', 'type': 'TICKETING'}",133.58,AUS,DFW,NK
104,4,PT3H25M,"[{'departure': {'iataCode': 'AUS', 'at': '2020-12-05T07:50:00'}, 'arrival': {'iataCode': 'IAH', 'terminal': 'B', 'at': '2020-12-05T08:53:00'}, 'carrierCode': 'UA', 'number': '6355', 'aircraft': {'code': 'E7W'}, 'duration': 'PT1H3M', 'id': '31', 'numberOfStops': 0, 'blacklistedInEU': False}, {'departure': {'iataCode': 'IAH', 'terminal': 'B', 'at': '2020-12-05T10:00:00'}, 'arrival': {'iataCode': 'DFW', 'terminal': 'E', 'at': '2020-12-05T11:15:00'}, 'carrierCode': 'UA', 'number': '6105', 'aircraft': {'code': 'E7W'}, 'duration': 'PT1H15M', 'id': '32', 'numberOfStops': 0, 'blacklistedInEU': False}]",2,USD,133.58,118.98,"{'amount': '0.00', 'type': 'SUPPLIER'}",133.58,AUS,DFW,UA
105,5,PT3H25M,"[{'departure': {'iataCode': 'AUS', 'at': '2020-12-05T10:00:00'}, 'arrival': {'iataCode': 'IAH', 'terminal': 'B', 'at': '2020-12-05T10:59:00'}, 'carrierCode': 'UA', 'number': '6086', 'aircraft': {'code': 'E7W'}, 'duration': 'PT59M', 'id': '33', 'numberOfStops': 0, 'blacklistedInEU': False}, {'departure': {'iataCode': 'IAH', 'terminal': 'B', 'at': '2020-12-05T12:10:00'}, 'arrival': {'iataCode': 'DFW', 'terminal': 'E', 'at': '2020-12-05T13:25:00'}, 'carrierCode': 'UA', 'number': '6115', 'aircraft': {'code': 'E7W'}, 'duration': 'PT1H15M', 'id': '34', 'numberOfStops': 0, 'blacklistedInEU': False}]",2,USD,133.58,118.98,"{'amount': '0.00', 'type': 'TICKETING'}",133.58,AUS,DFW,UA
106,6,PT3H25M,"[{'departure': {'iataCode': 'AUS', 'at': '2020-12-05T16:00:00'}, 'arrival': {'iataCode': 'IAH', 'terminal': 'C', 'at': '2020-12-05T16:59:00'}, 'carrierCode': 'UA', 'number': '281', 'aircraft': {'code': '320'}, 'operating': {'carrierCode': 'UA'}, 'duration': 'PT59M', 'id': '35', 'numberOfStops': 0, 'blacklistedInEU': False}, {'departure': {'iataCode': 'IAH', 'terminal': 'C', 'at': '2020-12-05T18:10:00'}, 'arrival': {'iataCode': 'DFW', 'terminal': 'E', 'at': '2020-12-05T19:25:00'}, 'carrierCode': 'UA', 'number': '736', 'aircraft': {'code': '319'}, 'operating': {'carrierCode': 'UA'}, 'duration': 'PT1H15M', 'id': '36', 'numberOfStops': 0, 'blacklistedInEU': False}]",3,USD,139.18,118.98,"{'amount': '0.00', 'type': 'SUPPLIER'}",139.18,AUS,DFW,UA
107,7,PT3H40M,"[{'departure': {'iataCode': 'AUS', 'at': '2020-12-05T14:15:00'}, 'arrival': {'iataCode': 'IAH', 'terminal': 'C', 'at': '2020-12-05T15:14:00'}, 'carrierCode': 'UA', 'number': '216', 'aircraft': {'code': '738'}, 'operating': {'carrierCode': 'UA'}, 'duration': 'PT59M', 'id': '63', 'numberOfStops': 0, 'blacklistedInEU': False}, {'departure': {'iataCode': 'IAH', 'terminal': 'C', 'at': '2020-12-05T16:40:00'}, 'arrival': {'iataCode': 'DFW', 'terminal': 'E', 'at': '2020-12-05T17:55:00'}, 'carrierCode': 'UA', 'number': '495', 'aircraft': {'code': '319'}, 'operating': {'carrierCode': 'UA'}, 'duration': 'PT1H15M', 'id': '64', 'numberOfStops': 0, 'blacklistedInEU': False}]",3,USD,139.18,118.98,"{'amount': '0.00', 'type': 'TICKETING'}",139.18,AUS,DFW,UA
108,8,PT3H40M,"[{'departure': {'iataCode': 'AUS', 'at': '2020-12-05T17:30:00'}, 'arrival': {'iataCode': 'IAH', 'terminal': 'C', 'at': '2020-12-05T18:29:00'}, 'carrierCode': 'UA', 'number': '630', 'aircraft': {'code': '320'}, 'operating': {'carrierCode': 'UA'}, 'duration': 'PT59M', 'id': '65', 'numberOfStops': 0, 'blacklistedInEU': False}, {'departure': {'iataCode': 'IAH', 'terminal': 'B', 'at': '2020-12-05T19:55:00'}, 'arrival': {'iataCode': 'DFW', 'terminal': 'E', 'at': '2020-12-05T21:10:00'}, 'carrierCode': 'UA', 'number': '5743', 'aircraft': {'code': 'CR7'}, 'duration': 'PT1H15M', 'id': '66', 'numberOfStops': 0, 'blacklistedInEU': False}]",4,USD,142.60,128.00,"{'amount': '0.00', 'type': 'SUPPLIER'}",142.60,AUS,DFW,UA
109,9,PT3H50M,"[{'departure': {'iataCode': 'AUS', 'at': '2020-12-05T12:20:00'}, 'arrival': {'iataCode': 'IAH', 'terminal': 'C', 'at': '2020-12-05T13:16:00'}, 'carrierCode': 'UA', 'number': '2101', 'aircraft': {'code': '73G'}, 'operating': {'carrierCode': 'UA'}, 'duration': 'PT56M', 'id': '79', 'numberOfStops': 0, 'blacklistedInEU': False}, {'departure': {'iataCode': 'IAH', 'terminal': 'C', 'at': '2020-12-05T14:55:00'}, 'arrival': {'iataCode': 'DFW', 'terminal': 'E', 'at': '2020-12-05T16:10:00'}, 'carrierCode': 'UA', 'number': '1207', 'aircraft': {'code': '319'}, 'operating': {'carrierCode': 'UA'}, 'duration': 'PT1H15M', 'id': '80', 'numberOfStops': 0, 'blacklistedInEU': False}]",4,USD,142.60,128.00,"{'amount': '0.00', 'type': 'TICKETING'}",142.60,AUS,DFW,UA
110,10,PT4H,"[{'departure': {'iataCode': 'AUS', 'at': '2020-12-05T07:15:00'}, 'arrival': {'iataCode': 'IAH', 'terminal': 'C', 'at': '2020-12-05T08:14:00'}, 'carrierCode': 'UA', 'number': '2040', 'aircraft': {'code': '738'}, 'operating': {'carrierCode': 'UA'}, 'duration': 'PT59M', 'id': '1', 'numberOfStops': 0, 'blacklistedInEU': False}, {'departure': {'iataCode': 'IAH', 'terminal': 'B', 'at': '2020-12-05T10:00:00'}, 'arrival': {'iataCode': 'DFW', 'terminal': 'E', 'at': '2020-12-05T11:15:00'}, 'carrierCode': 'UA', 'number': '6105', 'aircraft': {'code': 'E7W'}, 'duration': 'PT1H15M', 'id': '2', 'numberOfStops': 0, 'blacklistedInEU': False}]",5,USD,142.60,128.00,"{'amount': '0.00', 'type': 'SUPPLIER'}",142.60,AUS,DFW,UA
111,11,PT5H10M,"[{'departure': {'iataCode': 'AUS', 'at': '2020-12-05T14:15:00'}, 'arrival': {'iataCode': 'IAH', 'terminal': 'C', 'at': '2020-12-05T15:14:00'}, 'carrierCode': 'UA', 'number': '216', 'aircraft': {'code': '738'}, 'operating': {'carrierCode': 'UA'}, 'duration': 'PT59M', 'id': '15', 'numberOfStops': 0, 'blacklistedInEU': False}, {'departure': {'iataCode': 'IAH', 'terminal': 'C', 'at': '2020-12-05T18:10:00'}, 'arrival': {'iataCode': 'DFW', 'terminal': 'E', 'at': '2020-12-05T19:25:00'}, 'carrierCode': 'UA', 'number': '736', 'aircraft': {'code': '319'}, 'operating': {'carrierCode': 'UA'}, 'duration': 'PT1H15M', 'id': '16', 'numberOfStops': 0, 'blacklistedInEU': False}]",5,USD,142.60,128.00,"{'amount': '0.00', 'type': 'TICKETING'}",142.60,AUS,DFW,UA
112,12,PT5H10M,"[{'departure': {'iataCode': 'AUS', 'at': '2020-12-05T16:00:00'}, 'arrival': {'iataCode': 'IAH', 'terminal': 'C', 'at': '2020-12-05T16:59:00'}, 'carrierCode': 'UA', 'number': '281', 'aircraft': {'code': '320'}, 'operating': {'carrierCode': 'UA'}, 'duration': 'PT59M', 'id': '17', 'numberOfStops': 0, 'blacklistedInEU': False}, {'departure': {'iataCode': 'IAH', 'terminal': 'B', 'at': '2020-12-05T19:55:00'}, 'arrival': {'iataCode': 'DFW', 'terminal': 'E', 'at': '2020-12-05T21:10:00'}, 'carrierCode': 'UA', 'number': '5743', 'aircraft': {'code': 'CR7'}, 'duration': 'PT1H15M', 'id': '18', 'numberOfStops': 0, 'blacklistedInEU': False}]",6,USD,142.60,128.00,"{'amount': '0.00', 'type': 'SUPPLIER'}",142.60,AUS,DFW,UA
113,13,PT5H15M,"[{'departure': {'iataCode': 'AUS', 'at': '2020-12-05T17:30:00'}, 'arrival': {'iataCode': 'IAH', 'terminal': 'C', 'at': '2020-12-05T18:29:00'}, 'carrierCode': 'UA', 'number': '630', 'aircraft': {'code': '320'}, 'operating': {'carrierCode': 'UA'}, 'duration': 'PT59M', 'id': '25', 'numberOfStops': 0, 'blacklistedInEU': False}, {'departure': {'iataCode': 'IAH', 'terminal': 'B', 'at': '2020-12-05T21:30:00'}, 'arrival': {'iataCode': 'DFW', 'terminal': 'E', 'at': '2020-12-05T22:45:00'}, 'carrierCode': 'UA', 'number': '3590', 'aircraft': {'code': 'E70'}, 'duration': 'PT1H15M', 'id': '26', 'numberOfStops': 0, 'blacklistedInEU': False}]",6,USD,142.60,128.00,"{'amount': '0.00', 'type': 'TICKETING'}",142.60,AUS,DFW,UA
114,14,PT5H29M,"[{'departure': {'iataCode': 'AUS', 'at': '2020-12-05T05:46:00'}, 'arrival': {'iataCode': 'IAH', 'terminal': 'C', 'at': '2020-12-05T06:40:00'}, 'carrierCode': 'UA', 'number': '1920', 'aircraft': {'code': '738'}, 'operating': {'carrierCode': 'UA'}, 'duration': 'PT54M', 'id': '41', 'numberOfStops': 0, 'blacklistedInEU': False}, {'departure': {'iataCode': 'IAH', 'terminal': 'B', 'at': '2020-12-05T10:00:00'}, 'arrival': {'iataCode': 'DFW', 'terminal': 'E', 'at': '2020-12-05T11:15:00'}, 'carrierCode': 'UA', 'number': '6105', 'aircraft': {'code': 'E7W'}, 'duration': 'PT1H15M', 'id': '42', 'numberOfStops': 0, 'blacklistedInEU': False}]",7,USD,142.60,128.00,"{'amount': '0.00', 'type': 'SUPPLIER'}",142.60,AUS,DFW,UA
115,15,PT5H35M,"[{'departure': {'iataCode': 'AUS', 'at': '2020-12-05T07:50:00'}, 'arrival': {'iataCode': 'IAH', 'terminal': 'B', 'at': '2020-12-05T08:53:00'}, 'carrierCode': 'UA', 'number': '6355', 'aircraft': {'code': 'E7W'}, 'duration': 'PT1H3M', 'id': '51', 'numberOfStops': 0, 'blacklistedInEU': False}, {'departure': {'iataCode': 'IAH', 'terminal': 'B', 'at': '2020-12-05T12:10:00'}, 'arrival': {'iataCode': 'DFW', 'terminal': 'E', 'at': '2020-12-05T13:25:00'}, 'carrierCode': 'UA', 'number': '6115', 'aircraft': {'code': 'E7W'}, 'duration': 'PT1H15M', 'id': '52', 'numberOfStops': 0, 'blacklistedInEU': False}]",7,USD,142.60,128.00,"{'amount': '0.00', 'type': 'TICKETING'}",142.60,AUS,DFW,UA
116,16,PT5H35M,"[{'departure': {'iataCode': 'AUS', 'at': '2020-12-05T12:20:00'}, 'arrival': {'iataCode': 'IAH', 'terminal': 'C', 'at': '2020-12-05T13:16:00'}, 'carrierCode': 'UA', 'number': '2101', 'aircraft': {'code': '73G'}, 'operating': {'carrierCode': 'UA'}, 'duration': 'PT56M', 'id': '53', 'numberOfStops': 0, 'blacklistedInEU': False}, {'departure': {'iataCode': 'IAH', 'terminal': 'C', 'at': '2020-12-05T16:40:00'}, 'arrival': {'iataCode': 'DFW', 'terminal': 'E', 'at': '2020-12-05T17:55:00'}, 'carrierCode': 'UA', 'number': '495', 'aircraft': {'code': '319'}, 'operating': {'carrierCode': 'UA'}, 'duration': 'PT1H15M', 'id': '54', 'numberOfStops': 0, 'blacklistedInEU': False}]",8,USD,142.60,128.00,"{'amount': '0.00', 'type': 'SUPPLIER'}",142.60,AUS,DFW,UA
117,17,PT6H10M,"[{'departure': {'iataCode': 'AUS', 'at': '2020-12-05T07:15:00'}, 'arrival': {'iataCode': 'IAH', 'terminal': 'C', 'at': '2020-12-05T08:14:00'}, 'carrierCode': 'UA', 'number': '2040', 'aircraft': {'code': '738'}, 'operating': {'carrierCode': 'UA'}, 'duration': 'PT59M', 'id': '19', 'numberOfStops': 0, 'blacklistedInEU': False}, {'departure': {'iataCode': 'IAH', 'terminal': 'B', 'at': '2020-12-05T12:10:00'}, 'arrival': {'iataCode': 'DFW', 'terminal': 'E', 'at': '2020-12-05T13:25:00'}, 'carrierCode': 'UA', 'number': '6115', 'aircraft': {'code': 'E7W'}, 'duration': 'PT1H15M', 'id': '20', 'numberOfStops': 0, 'blacklistedInEU': False}]",8,USD,142.60,128.00,"{'amount': '0.00', 'type': 'TICKETING'}",142.60,AUS,DFW,UA
118,18,PT6H10M,"[{'departure': {'iataCode': 'AUS', 'at': '2020-12-05T10:00:00'}, 'arrival': {'iataCode': 'IAH', 'terminal': 'B', 'at': '2020-12-05T10:59:00'}, 'carrierCode': 'UA', 'number': '6086', 'aircraft': {'code': 'E7W'}, 'duration': 'PT59M', 'id': '21', 'numberOfStops': 0, 'blacklistedInEU': False}, {'departure': {'iataCode': 'IAH', 'terminal': 'C', 'at': '2020-12-05T14:55:00'}, 'arrival': {'iataCode': 'DFW', 'terminal': 'E', 'at': '2020-12-05T16:10:00'}, 'carrierCode': 'UA', 'number': '1207', 'aircraft': {'code': '319'}, 'operating': {'carrierCode': 'UA'}, 'duration': 'PT1H15M', 'id': '22', 'numberOfStops': 0, 'blacklistedInEU': False}]",9,USD,142.60,128.00,"{'amount': '0.00', 'type': 'SUPPLIER'}",142.60,AUS,DFW,UA
119,19,PT6H45M,"[{'departure': {'iataCode': 'AUS', 'at': '2020-12-05T16:00:00'}, 'arrival': {'iataCode': 'IAH', 'terminal': 'C', 'at': '2020-12-05T16:59:00'}, 'carrierCode': 'UA', 'number': '281', 'aircraft': {'code': '320'}, 'operating': {'carrierCode': 'UA'}, 'duration': 'PT59M', 'id': '73', 'numberOfStops': 0, 'blacklistedInEU': False}, {'departure': {'iataCode': 'IAH', 'terminal': 'B', 'at': '2020-12-05T21:30:00'}, 'arrival': {'iataCode': 'DFW', 'terminal': 'E', 'at': '2020-12-05T22:45:00'}, 'carrierCode': 'UA', 'number': '3590', 'aircraft': {'code': 'E70'}, 'duration': 'PT1H15M', 'id': '74', 'numberOfStops': 0, 'blacklistedInEU': False}]",9,USD,142.60,128.00,"{'amount': '0.00', 'type': 'TICKETING'}",142.60,AUS,DFW,UA
120,20,PT6H55M,"[{'departure': {'iataCode': 'AUS', 'at': '2020-12-05T14:15:00'}, 'arrival': {'iataCode': 'IAH', 'terminal': 'C', 'at': '2020-12-05T15:14:00'}, 'carrierCode': 'UA', 'number': '216', 'aircraft': {'code': '738'}, 'operating': {'carrierCode': 'UA'}, 'duration': 'PT59M', 'id': '93', 'numberOfStops': 0, 'blacklistedInEU': False}, {'departure': {'iataCode': 'IAH', 'terminal': 'B', 'at': '2020-12-05T19:55:00'}, 'arrival': {'iataCode': 'DFW', 'terminal': 'E', 'at': '2020-12-05T21:10:00'}, 'carrierCode': 'UA', 'number': '5743', 'aircraft': {'code': 'CR7'}, 'duration': 'PT1H15M', 'id': '94', 'numberOfStops': 0, 'blacklistedInEU': False}]",10,USD,142.60,128.00,"{'amount': '0.00', 'type': 'SUPPLIER'}",142.60,AUS,DFW,UA
121,21,PT7H5M,"[{'departure': {'iataCode': 'AUS', 'at': '2020-12-05T12:20:00'}, 'arrival': {'iataCode': 'IAH', 'terminal': 'C', 'at': '2020-12-05T13:16:00'}, 'carrierCode': 'UA', 'number': '2101', 'aircraft': {'code': '73G'}, 'operating': {'carrierCode': 'UA'}, 'duration': 'PT56M', 'id': '7', 'numberOfStops': 0, 'blacklistedInEU': False}, {'departure': {'iataCode': 'IAH', 'terminal': 'C', 'at': '2020-12-05T18:10:00'}, 'arrival': {'iataCode': 'DFW', 'terminal': 'E', 'at': '2020-12-05T19:25:00'}, 'carrierCode': 'UA', 'number': '736', 'aircraft': {'code': '319'}, 'operating': {'carrierCode': 'UA'}, 'duration': 'PT1H15M', 'id': '8', 'numberOfStops': 0, 'blacklistedInEU': False}]",10,USD,142.60,128.00,"{'amount': '0.00', 'type': 'TICKETING'}",142.60,AUS,DFW,UA
122,22,PT7H39M,"[{'departure': {'iataCode': 'AUS', 'at': '2020-12-05T05:46:00'}, 'arrival': {'iataCode': 'IAH', 'terminal': 'C', 'at': '2020-12-05T06:40:00'}, 'carrierCode': 'UA', 'number': '1920', 'aircraft': {'code': '738'}, 'operating': {'carrierCode': 'UA'}, 'duration': 'PT54M', 'id': '61', 'numberOfStops': 0, 'blacklistedInEU': False}, {'departure': {'iataCode': 'IAH', 'terminal': 'B', 'at': '2020-12-05T12:10:00'}, 'arrival': {'iataCode': 'DFW', 'terminal': 'E', 'at': '2020-12-05T13:25:00'}, 'carrierCode': 'UA', 'number': '6115', 'aircraft': {'code': 'E7W'}, 'duration': 'PT1H15M', 'id': '62', 'numberOfStops': 0, 'blacklistedInEU': False}]",11,USD,142.60,128.00,"{'amount': '0.00', 'type': 'SUPPLIER'}",142.60,AUS,DFW,UA
123,23,PT7H55M,"[{'departure': {'iataCode': 'AUS', 'at': '2020-12-05T10:00:00'}, 'arrival': {'iataCode': 'IAH', 'terminal': 'B', 'at': '2020-12-05T10:59:00'}, 'carrierCode': 'UA', 'number': '6086', 'aircraft': {'code': 'E7W'}, 'duration': 'PT59M', 'id': '95', 'numberOfStops': 0, 'blacklistedInEU': False}, {'departure': {'iataCode': 'IAH', 'terminal': 'C', 'at': '2020-12-05T16:40:00'}, 'arrival': {'iataCode': 'DFW', 'terminal': 'E', 'at': '2020-12-05T17:55:00'}, 'carrierCode': 'UA', 'number': '495', 'aircraft': {'code': '319'}, 'operating': {'carrierCode': 'UA'}, 'duration': 'PT1H15M', 'id': '96', 'numberOfStops': 0, 'blacklistedInEU': False}]",11,USD,142.60,128.00,"{'amount': '0.00', 'type': 'TICKETING'}",142.60,AUS,DFW,UA
124,24,PT10H40M,"[{'departure': {'iataCode': 'AUS', 'at': '2020-12-05T19:26:00'}, 'arrival': {'iataCode': 'LAS', 'terminal': '1', 'at': '2020-12-05T20:25:00'}, 'carrierCode': 'NK', 'number': '505', 'aircraft': {'code': '32A'}, 'operating': {'carrierCode': 'NK'}, 'duration': 'PT2H59M', 'id': '67', 'numberOfStops': 0, 'blacklistedInEU': False}, {'departure': {'iataCode': 'LAS', 'terminal': '1', 'at': '2020-12-06T01:30:00'}, 'arrival': {'iataCode': 'DFW', 'terminal': 'E', 'at': '2020-12-06T06:06:00'}, 'carrierCode': 'NK', 'number': '214', 'aircraft': {'code': '32A'}, 'operating': {'carrierCode': 'NK'}, 'duration': 'PT2H36M', 'id': '68', 'numberOfStops': 0, 'blacklistedInEU': False}]",12,USD,142.60,128.00,"{'amount': '0.00', 'type': 'SUPPLIER'}",142.60,AUS,DFW,NK
125,25,PT12H54M,"[{'departure': {'iataCode': 'AUS', 'at': '2020-12-05T11:05:00'}, 'arrival': {'iataCode': 'EWR', 'terminal': 'C', 'at': '2020-12-05T16:05:00'}, 'carrierCode': 'UA', 'number': '228', 'aircraft': {'code': '319'}, 'operating': {'carrierCode': 'UA'}, 'duration': 'PT4H', 'id': '91', 'numberOfStops': 0, 'blacklistedInEU': False}, {'departure': {'iataCode': 'EWR', 'terminal': 'C', 'at': '2020-12-05T21:12:00'}, 'arrival': {'iataCode': 'DFW', 'terminal': 'E', 'at': '2020-12-05T23:59:00'}, 'carrierCode': 'UA', 'number': '3584', 'aircraft': {'code': 'E7W'}, 'duration': 'PT3H47M', 'id': '92', 'numberOfStops': 0, 'blacklistedInEU': False}]",12,USD,142.60,128.00,"{'amount': '0.00', 'type': 'TICKETING'}",142.60,AUS,DFW,UA
126,26,PT13H8M,"[{'departure': {'iataCode': 'AUS', 'at': '2020-12-05T06:04:00'}, 'arrival': {'iataCode': 'EWR', 'terminal': 'C', 'at': '2020-12-05T10:47:00'}, 'carrierCode': 'UA', 'number': '224', 'aircraft': {'code': '738'}, 'operating': {'carrierCode': 'UA'}, 'duration': 'PT3H43M', 'id': '13', 'numberOfStops': 0, 'blacklistedInEU': False}, {'departure': {'iataCode': 'EWR', 'terminal': 'C', 'at': '2020-12-05T16:08:00'}, 'arrival': {'iataCode': 'DFW', 'terminal': 'E', 'at': '2020-12-05T19:12:00'}, 'carrierCode': 'UA', 'number': '570', 'aircraft': {'code': '319'}, 'operating': {'carrierCode': 'UA'}, 'duration': 'PT4H4M', 'id': '14', 'numberOfStops': 0, 'blacklistedInEU': False}]",13,USD,142.60,128.00,"{'amount': '0.00', 'type': 'SUPPLIER'}",142.60,AUS,DFW,UA
127,27,PT14H2M,"[{'departure': {'iataCode': 'AUS', 'at': '2020-12-05T19:18:00'}, 'arrival': {'iataCode': 'EWR', 'terminal': 'C', 'at': '2020-12-06T00:11:00'}, 'carrierCode': 'UA', 'number': '298', 'aircraft': {'code': '319'}, 'operating': {'carrierCode': 'UA'}, 'duration': 'PT3H53M', 'id': '3', 'numberOfStops': 0, 'blacklistedInEU': False}, {'departure': {'iataCode': 'EWR', 'terminal': 'C', 'at': '2020-12-06T06:30:00'}, 'arrival': {'iataCode': 'DFW', 'terminal': 'E', 'at': '2020-12-06T09:20:00'}, 'carrierCode': 'UA', 'number': '1891', 'aircraft': {'code': '319'}, 'operating': {'carrierCode': 'UA'}, 'duration': 'PT3H50M', 'id': '4', 'numberOfStops': 0, 'blacklistedInEU': False}]",13,USD,142.60,128.00,"{'amount': '0.00', 'type': 'TICKETING'}",142.60,AUS,DFW,UA
128,28,PT14H56M,"[{'departure': {'iataCode': 'AUS', 'at': '2020-12-05T07:45:00'}, 'arrival': {'iataCode': 'EWR', 'terminal': 'C', 'at': '2020-12-05T12:29:00'}, 'carrierCode': 'UA', 'number': '817', 'aircraft': {'code': '320'}, 'operating': {'carrierCode': 'UA'}, 'duration': 'PT3H44M', 'id': '99', 'numberOfStops': 0, 'blacklistedInEU': False}, {'departure': {'iataCode': 'EWR', 'terminal': 'C', 'at': '2020-12-05T19:59:00'}, 'arrival': {'iataCode': 'DFW', 'terminal': 'E', 'at': '2020-12-05T22:41:00'}, 'carrierCode': 'UA', 'number': '1038', 'aircraft': {'code': '319'}, 'operating': {'carrierCode': 'UA'}, 'duration': 'PT3H42M', 'id': '100', 'numberOfStops': 0, 'blacklistedInEU': False}]",14,USD,142.60,128.00,"{'amount': '0.00', 'type': 'SUPPLIER'}",142.60,AUS,DFW,UA
129,29,PT16H14M,"[{'departure': {'iataCode': 'AUS', 'at': '2020-12-05T07:45:00'}, 'arrival': {'iataCode': 'EWR', 'terminal': 'C', 'at': '2020-12-05T12:29:00'}, 'carrierCode': 'UA', 'number': '817', 'aircraft': {'code': '320'}, 'operating': {'carrierCode': 'UA'}, 'duration': 'PT3H44M', 'id': '23', 'numberOfStops': 0, 'blacklistedInEU': False}, {'departure': {'iataCode': 'EWR', 'terminal': 'C', 'at': '2020-12-05T21:12:00'}, 'arrival': {'iataCode': 'DFW', 'terminal': 'E', 'at': '2020-12-05T23:59:00'}, 'carrierCode': 'UA', 'number': '3584', 'aircraft': {'code': 'E7W'}, 'duration': 'PT3H47M', 'id': '24', 'numberOfStops': 0, 'blacklistedInEU': False}]",14,USD,142.60,128.00,"{'amount': '0.00', 'type': 'TICKETING'}",142.60,AUS,DFW,UA
130,30,PT16H37M,"[{'departure': {'iataCode': 'AUS', 'at': '2020-12-05T06:04:00'}, 'arrival': {'iataCode': 'EWR', 'terminal': 'C', 'at': '2020-12-05T10:47:00'}, 'carrierCode': 'UA', 'number': '224', 'aircraft': {'code': '738'}, 'operating': {'carrierCode': 'UA'}, 'duration': 'PT3H43M', 'id': '55', 'numberOfStops': 0, 'blacklistedInEU': False}, {'departure': {'iataCode': 'EWR', 'terminal': 'C', 'at': '2020-12-05T19:59:00'}, 'arrival': {'iataCode': 'DFW', 'terminal': 'E', 'at': '2020-12-05T22:41:00'}, 'carrierCode': 'UA', 'number': '1038', 'aircraft': {'code': '319'}, 'operating': {'carrierCode': 'UA'}, 'duration': 'PT3H42M', 'id': '56', 'numberOfStops': 0, 'blacklistedInEU': False}]",15,USD,142.60,128.00,"{'amount': '0.00', 'type': 'SUPPLIER'}",142.60,AUS,DFW,UA
131,31,PT16H44M,"[{'departure': {'iataCode': 'AUS', 'at': '2020-12-05T19:18:00'}, 'arrival': {'iataCode': 'EWR', 'terminal': 'C', 'at': '2020-12-06T00:11:00'}, 'carrierCode': 'UA', 'number': '298', 'aircraft': {'code': '319'}, 'operating': {'carrierCode': 'UA'}, 'duration': 'PT3H53M', 'id': '71', 'numberOfStops': 0, 'blacklistedInEU': False}, {'departure': {'iataCode': 'EWR', 'terminal': 'C', 'at': '2020-12-06T09:12:00'}, 'arrival': {'iataCode': 'DFW', 'terminal': 'E', 'at': '2020-12-06T12:02:00'}, 'carrierCode': 'UA', 'number': '3485', 'aircraft': {'code': 'E70'}, 'duration': 'PT3H50M', 'id': '72', 'numberOfStops': 0, 'blacklistedInEU': False}]",15,USD,142.60,128.00,"{'amount': '0.00', 'type': 'TICKETING'}",142.60,AUS,DFW,UA
132,32,PT17H55M,"[{'departure': {'iataCode': 'AUS', 'at': '2020-12-05T06:04:00'}, 'arrival': {'iataCode': 'EWR', 'terminal': 'C', 'at': '2020-12-05T10:47:00'}, 'carrierCode': 'UA', 'number': '224', 'aircraft': {'code': '738'}, 'operating': {'carrierCode': 'UA'}, 'duration': 'PT3H43M', 'id': '97', 'numberOfStops': 0, 'blacklistedInEU': False}, {'departure': {'iataCode': 'EWR', 'terminal': 'C', 'at': '2020-12-05T21:12:00'}, 'arrival': {'iataCode': 'DFW', 'terminal': 'E', 'at': '2020-12-05T23:59:00'}, 'carrierCode': 'UA', 'number': '3584', 'aircraft': {'code': 'E7W'}, 'duration': 'PT3H47M', 'id': '98', 'numberOfStops': 0, 'blacklistedInEU': False}]",16,USD,142.60,128.00,"{'amount': '0.00', 'type': 'SUPPLIER'}",142.60,AUS,DFW,UA
133,33,PT18H46M,"[{'departure': {'iataCode': 'AUS', 'at': '2020-12-05T19:18:00'}, 'arrival': {'iataCode': 'EWR', 'terminal': 'C', 'at': '2020-12-06T00:11:00'}, 'carrierCode': 'UA', 'number': '298', 'aircraft': {'code': '319'}, 'operating': {'carrierCode': 'UA'}, 'duration': 'PT3H53M', 'id': '75', 'numberOfStops': 0, 'blacklistedInEU': False}, {'departure': {'iataCode': 'EWR', 'terminal': 'C', 'at': '2020-12-06T11:12:00'}, 'arrival': {'iataCode': 'DFW', 'terminal': 'E', 'at': '2020-12-06T14:04:00'}, 'carrierCode': 'UA', 'number': '2140', 'aircraft': {'code': '319'}, 'operating': {'carrierCode': 'UA'}, 'duration': 'PT3H52M', 'id': '76', 'numberOfStops': 0, 'blacklistedInEU': False}]",16,USD,142.60,128.00,"{'amount': '0.00', 'type': 'TICKETING'}",142.60,AUS,DFW,UA
134,34,PT8H19M,"[{'departure': {'iataCode': 'AUS', 'at': '2020-12-05T11:18:00'}, 'arrival': {'iataCode': 'ATL', 'terminal': 'N', 'at': '2020-12-05T14:32:00'}, 'carrierCode': 'NK', 'number': '1821', 'aircraft': {'code': '32A'}, 'operating': {'carrierCode': 'NK'}, 'duration': 'PT2H14M', 'id': '29', 'numberOfStops': 0, 'blacklistedInEU': False}, {'departure': {'iataCode': 'ATL', 'terminal': 'N', 'at': '2020-12-05T18:10:00'}, 'arrival': {'iataCode': 'DFW', 'terminal': 'E', 'at': '2020-12-05T19:37:00'}, 'carrierCode': 'NK', 'number': '233', 'aircraft': {'code': '32A'}, 'operating': {'carrierCode': 'NK'}, 'duration': 'PT2H27M', 'id': '30', 'numberOfStops': 0, 'blacklistedInEU': False}]",17,USD,142.60,128.00,"{'amount': '0.00', 'type': 'SUPPLIER'}",142.60,AUS,DFW,NK
135,35,PT7H50M,"[{'departure': {'iataCode': 'AUS', 'at': '2020-12-05T12:15:00'}, 'arrival': {'iataCode': 'FLL', 'terminal': '4', 'at': '2020-12-05T16:00:00'}, 'carrierCode': 'NK', 'number': '512', 'aircraft': {'code': '32N'}, 'operating': {'carrierCode': 'NK'}, 'duration': 'PT2H45M', 'id': '81', 'numberOfStops': 0, 'blacklistedInEU': False}, {'departure': {'iataCode': 'FLL', 'terminal': '4', 'at': '2020-12-05T17:52:00'}, 'arrival': {'iataCode': 'DFW', 'terminal': 'E', 'at': '2020-12-05T20:05:00'}, 'carrierCode': 'NK', 'number': '1966', 'aircraft': {'code': '32B'}, 'operating': {'carrierCode': 'NK'}, 'duration': 'PT3H13M', 'id': '82', 'numberOfStops': 0, 'blacklistedInEU': False}]",17,USD,142.60,128.00,"{'amount': '0.00', 'type': 'TICKETING'}",142.60,AUS,DFW,NK
136,36,PT12H57M,"[{'departure': {'iataCode': 'AUS', 'at': '2020-12-05T12:15:00'}, 'arrival': {'iataCode': 'FLL', 'terminal': '4', 'at': '2020-12-05T16:00:00'}, 'carrierCode': 'NK', 'number': '512', 'aircraft': {'code': '32N'}, 'operating': {'carrierCode': 'NK'}, 'duration': 'PT2H45M', 'id': '101', 'numberOfStops': 0, 'blacklistedInEU': False}, {'departure': {'iataCode': 'FLL', 'terminal': '4', 'at': '2020-12-05T22:59:00'}, 'arrival': {'iataCode': 'DFW', 'terminal': 'E', 'at': '2020-12-06T01:12:00'}, 'carrierCode': 'NK', 'number': '971', 'aircraft': {'code': '32B'}, 'operating': {'carrierCode': 'NK'}, 'duration': 'PT3H13M', 'id': '102', 'numberOfStops': 0, 'blacklistedInEU': False}]",18,USD,142.60,128.00,"{'amount': '0.00', 'type': 'SUPPLIER'}",142.60,AUS,DFW,NK
137,37,PT17H5M,"[{'departure': {'iataCode': 'AUS', 'at': '2020-12-05T07:00:00'}, 'arrival': {'iataCode': 'BWI', 'at': '2020-12-05T11:06:00'}, 'carrierCode': 'NK', 'number': '1300', 'aircraft': {'code': '32A'}, 'operating': {'carrierCode': 'NK'}, 'duration': 'PT3H6M', 'id': '9', 'numberOfStops': 0, 'blacklistedInEU': False}, {'departure': {'iataCode': 'BWI', 'at': '2020-12-05T21:25:00'}, 'arrival': {'iataCode': 'DFW', 'terminal': 'E', 'at': '2020-12-06T00:05:00'}, 'carrierCode': 'NK', 'number': '667', 'aircraft': {'code': '32B'}, 'operating': {'carrierCode': 'NK'}, 'duration': 'PT3H40M', 'id': '10', 'numberOfStops': 0, 'blacklistedInEU': False}]",18,USD,142.60,128.00,"{'amount': '0.00', 'type': 'TICKETING'}",142.60,AUS,DFW,NK
138,38,PT9H8M,"[{'departure': {'iataCode': 'AUS', 'at': '2020-12-05T11:25:00'}, 'arrival': {'iataCode': 'DEN', 'at': '2020-12-05T12:45:00'}, 'carrierCode': 'UA', 'number': '456', 'aircraft': {'code': '319'}, 'operating': {'carrierCode': 'UA'}, 'duration': 'PT2H20M', 'id': '11', 'numberOfStops': 0, 'blacklistedInEU': False}, {'departure': {'iataCode': 'DEN', 'at': '2020-12-05T17:25:00'}, 'arrival': {'iataCode': 'DFW', 'terminal': 'E', 'at': '2020-12-05T20:33:00'}, 'carrierCode': 'UA', 'number': '2215', 'aircraft': {'code': '319'}, 'operating': {'carrierCode': 'UA'}, 'duration': 'PT2H8M', 'id': '12', 'numberOfStops': 0, 'blacklistedInEU': False}]",19,USD,148.20,128.00,"{'amount': '0.00', 'type': 'SUPPLIER'}",148.20,AUS,DFW,UA
139,39,PT10H54M,"[{'departure': {'iataCode': 'AUS', 'at': '2020-12-05T05:40:00'}, 'arrival': {'iataCode': 'DEN', 'at': '2020-12-05T06:57:00'}, 'carrierCode': 'UA', 'number': '1690', 'aircraft': {'code': '320'}, 'operating': {'carrierCode': 'UA'}, 'duration': 'PT2H17M', 'id': '89', 'numberOfStops': 0, 'blacklistedInEU': False}, {'departure': {'iataCode': 'DEN', 'at': '2020-12-05T13:39:00'}, 'arrival': {'iataCode': 'DFW', 'terminal': 'E', 'at': '2020-12-05T16:34:00'}, 'carrierCode': 'UA', 'number': '2246', 'aircraft': {'code': '319'}, 'operating': {'carrierCode': 'UA'}, 'duration': 'PT1H55M', 'id': '90', 'numberOfStops': 0, 'blacklistedInEU': False}]",19,USD,148.20,128.00,"{'amount': '0.00', 'type': 'TICKETING'}",148.20,AUS,DFW,UA
140,40,PT11H40M,"[{'departure': {'iataCode': 'AUS', 'at': '2020-12-05T08:53:00'}, 'arrival': {'iataCode': 'DEN', 'at': '2020-12-05T10:13:00'}, 'carrierCode': 'UA', 'number': '671', 'aircraft': {'code': '738'}, 'operating': {'carrierCode': 'UA'}, 'duration': 'PT2H20M', 'id': '69', 'numberOfStops': 0, 'blacklistedInEU': False}, {'departure': {'iataCode': 'DEN', 'at': '2020-12-05T17:25:00'}, 'arrival': {'iataCode': 'DFW', 'terminal': 'E', 'at': '2020-12-05T20:33:00'}, 'carrierCode': 'UA', 'number': '2215', 'aircraft': {'code': '319'}, 'operating': {'carrierCode': 'UA'}, 'duration': 'PT2H8M', 'id': '70', 'numberOfStops': 0, 'blacklistedInEU': False}]",20,USD,148.20,128.00,"{'amount': '0.00', 'type': 'SUPPLIER'}",148.20,AUS,DFW,UA
141,41,PT11H53M,"[{'departure': {'iataCode': 'AUS', 'at': '2020-12-05T11:25:00'}, 'arrival': {'iataCode': 'DEN', 'at': '2020-12-05T12:45:00'}, 'carrierCode': 'UA', 'number': '456', 'aircraft': {'code': '319'}, 'operating': {'carrierCode': 'UA'}, 'duration': 'PT2H20M', 'id': '85', 'numberOfStops': 0, 'blacklistedInEU': False}, {'departure': {'iataCode': 'DEN', 'at': '2020-12-05T20:20:00'}, 'arrival': {'iataCode': 'DFW', 'terminal': 'E', 'at': '2020-12-05T23:18:00'}, 'carrierCode': 'UA', 'number': '772', 'aircraft': {'code': '319'}, 'operating': {'carrierCode': 'UA'}, 'duration': 'PT1H58M', 'id': '86', 'numberOfStops': 0, 'blacklistedInEU': False}]",20,USD,148.20,128.00,"{'amount': '0.00', 'type': 'TICKETING'}",148.20,AUS,DFW,UA
142,42,PT14H25M,"[{'departure': {'iataCode': 'AUS', 'at': '2020-12-05T08:53:00'}, 'arrival': {'iataCode': 'DEN', 'at': '2020-12-05T10:13:00'}, 'carrierCode': 'UA', 'number': '671', 'aircraft': {'code': '738'}, 'operating': {'carrierCode': 'UA'}, 'duration': 'PT2H20M', 'id': '37', 'numberOfStops': 0, 'blacklistedInEU': False}, {'departure': {'iataCode': 'DEN', 'at': '2020-12-05T20:20:00'}, 'arrival': {'iataCode': 'DFW', 'terminal': 'E', 'at': '2020-12-05T23:18:00'}, 'carrierCode': 'UA', 'number': '772', 'aircraft': {'code': '319'}, 'operating': {'carrierCode': 'UA'}, 'duration': 'PT1H58M', 'id': '38', 'numberOfStops': 0, 'blacklistedInEU': False}]",21,USD,148.20,128.00,"{'amount': '0.00', 'type': 'SUPPLIER'}",148.20,AUS,DFW,UA
143,43,PT14H53M,"[{'departure': {'iataCode': 'AUS', 'at': '2020-12-05T05:40:00'}, 'arrival': {'iataCode': 'DEN', 'at': '2020-12-05T06:57:00'}, 'carrierCode': 'UA', 'number': '1690', 'aircraft': {'code': '320'}, 'operating': {'carrierCode': 'UA'}, 'duration': 'PT2H17M', 'id': '87', 'numberOfStops': 0, 'blacklistedInEU': False}, {'departure': {'iataCode': 'DEN', 'at': '2020-12-05T17:25:00'}, 'arrival': {'iataCode': 'DFW', 'terminal': 'E', 'at': '2020-12-05T20:33:00'}, 'carrierCode': 'UA', 'number': '2215', 'aircraft': {'code': '319'}, 'operating': {'carrierCode': 'UA'}, 'duration': 'PT2H8M', 'id': '88', 'numberOfStops': 0, 'blacklistedInEU': False}]",21,USD,148.20,128.00,"{'amount': '0.00', 'type': 'TICKETING'}",148.20,AUS,DFW,UA
144,44,PT17H38M,"[{'departure': {'iataCode': 'AUS', 'at': '2020-12-05T05:40:00'}, 'arrival': {'iataCode': 'DEN', 'at': '2020-12-05T06:57:00'}, 'carrierCode': 'UA', 'number': '1690', 'aircraft': {'code': '320'}, 'operating': {'carrierCode': 'UA'}, 'duration': 'PT2H17M', 'id': '59', 'numberOfStops': 0, 'blacklistedInEU': False}, {'departure': {'iataCode': 'DEN', 'at': '2020-12-05T20:20:00'}, 'arrival': {'iataCode': 'DFW', 'terminal': 'E', 'at': '2020-12-05T23:18:00'}, 'carrierCode': 'UA', 'number': '772', 'aircraft': {'code': '319'}, 'operating': {'carrierCode': 'UA'}, 'duration': 'PT1H58M', 'id': '60', 'numberOfStops': 0, 'blacklistedInEU': False}]",22,USD,148.20,128.00,"{'amount': '0.00', 'type': 'SUPPLIER'}",148.20,AUS,DFW,UA
145,45,PT6H30M,"[{'departure': {'iataCode': 'AUS', 'at': '2020-12-05T15:27:00'}, 'arrival': {'iataCode': 'DTW', 'terminal': 'N', 'at': '2020-12-05T19:16:00'}, 'carrierCode': 'NK', 'number': '964', 'aircraft': {'code': '32A'}, 'operating': {'carrierCode': 'NK'}, 'duration': 'PT2H49M', 'id': '49', 'numberOfStops': 0, 'blacklistedInEU': False}, {'departure': {'iataCode': 'DTW', 'terminal': 'N', 'at': '2020-12-05T19:59:00'}, 'arrival': {'iataCode': 'DFW', 'terminal': 'E', 'at': '2020-12-05T21:57:00'}, 'carrierCode': 'NK', 'number': '313', 'aircraft': {'code': '32A'}, 'operating': {'carrierCode': 'NK'}, 'duration': 'PT2H58M', 'id': '50', 'numberOfStops': 0, 'blacklistedInEU': False}]",22,USD,148.20,128.00,"{'amount': '0.00', 'type': 'TICKETING'}",148.20,AUS,DFW,NK
146,46,PT11H17M,"[{'departure': {'iataCode': 'AUS', 'at': '2020-12-05T10:47:00'}, 'arrival': {'iataCode': 'ATL', 'terminal': 'S', 'at': '2020-12-05T13:50:00'}, 'carrierCode': 'DL', 'number': '1220', 'aircraft': {'code': '321'}, 'operating': {'carrierCode': 'DL'}, 'duration': 'PT2H3M', 'id': '27', 'numberOfStops': 0, 'blacklistedInEU': False}, {'departure': {'iataCode': 'ATL', 'terminal': 'S', 'at': '2020-12-05T20:55:00'}, 'arrival': {'iataCode': 'DAL', 'terminal': '1', 'at': '2020-12-05T22:04:00'}, 'carrierCode': 'DL', 'number': '1277', 'aircraft': {'code': '717'}, 'operating': {'carrierCode': 'DL'}, 'duration': 'PT2H9M', 'id': '28', 'numberOfStops': 0, 'blacklistedInEU': False}]",23,USD,148.20,128.00,"{'amount': '0.00', 'type': 'SUPPLIER'}",148.20,AUS,DFW,DL
147,47,PT9H29M,"[{'departure': {'iataCode': 'AUS', 'at': '2020-12-05T13:30:00'}, 'arrival': {'iataCode': 'PDX', 'at': '2020-12-05T15:45:00'}, 'carrierCode': 'AS', 'number': '1087', 'aircraft': {'code': '320'}, 'operating': {'carrierCode': 'AS'}, 'duration': 'PT4H15M', 'id': '43', 'numberOfStops': 0, 'blacklistedInEU': False}, {'departure': {'iataCode': 'PDX', 'at': '2020-12-05T17:00:00'}, 'arrival': {'iataCode': 'DAL', 'terminal': '1', 'at': '2020-12-05T22:59:00'}, 'carrierCode': 'AS', 'number': '3312', 'aircraft': {'code': 'E75'}, 'duration': 'PT3H59M', 'id': '44', 'numberOfStops': 0, 'blacklistedInEU': False}]",23,USD,148.20,128.00,"{'amount': '0.00', 'type': 'TICKETING'}",148.20,AUS,DFW,AS
148,48,PT12H3M,"[{'departure': {'iataCode': 'AUS', 'at': '2020-12-05T07:30:00'}, 'arrival': {'iataCode': 'SEA', 'at': '2020-12-05T10:00:00'}, 'carrierCode': 'AS', 'number': '1003', 'aircraft': {'code': '320'}, 'operating': {'carrierCode': 'AS'}, 'duration': 'PT4H30M', 'id': '5', 'numberOfStops': 0, 'blacklistedInEU': False}, {'departure': {'iataCode': 'SEA', 'at': '2020-12-05T13:20:00'}, 'arrival': {'iataCode': 'DAL', 'terminal': '1', 'at': '2020-12-05T19:33:00'}, 'carrierCode': 'AS', 'number': '2356', 'aircraft': {'code': 'E75'}, 'duration': 'PT4H13M', 'id': '6', 'numberOfStops': 0, 'blacklistedInEU': False}]",24,USD,153.18,132.98,"{'amount': '0.00', 'type': 'SUPPLIER'}",153.18,AUS,DFW,AS
149,49,PT15H29M,"[{'departure': {'iataCode': 'AUS', 'at': '2020-12-05T07:30:00'}, 'arrival': {'iataCode': 'SEA', 'at': '2020-12-05T10:00:00'}, 'carrierCode': 'AS', 'number': '1003', 'aircraft': {'code': '320'}, 'operating': {'carrierCode': 'AS'}, 'duration': 'PT4H30M', 'id': '45', 'numberOfStops': 0, 'blacklistedInEU': False}, {'departure': {'iataCode': 'SEA', 'at': '2020-12-05T16:55:00'}, 'arrival': {'iataCode': 'DAL', 'terminal': '1', 'at': '2020-12-05T22:59:00'}, 'carrierCode': 'AS', 'number': '1228', 'aircraft': {'code': '320'}, 'operating': {'carrierCode': 'AS'}, 'duration': 'PT4H4M', 'id': '46', 'numberOfStops': 0, 'blacklistedInEU': False}]",24,USD,153.18,132.98,"{'amount': '0.00', 'type': 'TICKETING'}",153.18,AUS,DFW,AS
150,50,PT16H29M,"[{'departure': {'iataCode': 'AUS', 'at': '2020-12-05T07:30:00'}, 'arrival': {'iataCode': 'SEA', 'at': '2020-12-05T10:00:00'}, 'carrierCode': 'AS', 'number': '1003', 'aircraft': {'code': '320'}, 'operating': {'carrierCode': 'AS'}, 'duration': 'PT4H30M', 'id': '47', 'numberOfStops': 0, 'blacklistedInEU': False}, {'departure': {'iataCode': 'SEA', 'at': '2020-12-05T18:05:00'}, 'arrival': {'iataCode': 'DFW', 'terminal': 'E', 'at': '2020-12-05T23:59:00'}, 'carrierCode': 'AS', 'number': '664', 'aircraft': {'code': '73J'}, 'operating': {'carrierCode': 'AS'}, 'duration': 'PT3H54M', 'id': '48', 'numberOfStops': 0, 'blacklistedInEU': False}]",25,USD,161.20,141.00,"{'amount': '0.00', 'type': 'SUPPLIER'}",161.20,AUS,DFW,AS
