type,id,source,instantTicketingRequired,nonHomogeneous,oneWay,lastTicketingDate,numberOfBookableSeats,itineraries,price,pricingOptions,validatingAirlineCodes,travelerPricings
flight-offer,1,GDS,False,False,False,2020-12-04,9,"[{'duration': 'PT7H4M', 'segments': [{'departure': {'iataCode': 'AUS', 'at': '2021-02-06T08:15:00'}, 'arrival': {'iataCode': 'MCO', 'at': '2021-02-06T11:42:00'}, 'carrierCode': 'B6', 'number': '2416', 'aircraft': {'code': '320'}, 'operating': {'carrierCode': 'B6'}, 'duration': 'PT2H27M', 'id': '3', 'numberOfStops': 0, 'blacklistedInEU': False}, {'departure': {'iataCode': 'MCO', 'at': '2021-02-06T13:45:00'}, 'arrival': {'iataCode': 'JFK', 'terminal': '5', 'at': '2021-02-06T16:19:00'}, 'carrierCode': 'B6', 'number': '684', 'aircraft': {'code': '320'}, 'operating': {'carrierCode': 'B6'}, 'duration': 'PT2H34M', 'id': '4', 'numberOfStops': 0, 'blacklistedInEU': False}]}]","{'currency': 'USD', 'total': '97.60', 'base': '83.00', 'fees': [{'amount': '0.00', 'type': 'SUPPLIER'}, {'amount': '0.00', 'type': 'TICKETING'}], 'grandTotal': '97.60'}","{'fareType': ['PUBLISHED'], 'includedCheckedBagsOnly': False}",['B6'],"[{'travelerId': '1', 'fareOption': 'STANDARD', 'travelerType': 'ADULT', 'price': {'currency': 'USD', 'total': '97.60', 'base': '83.00'}, 'fareDetailsBySegment': [{'segmentId': '3', 'cabin': 'ECONOMY', 'fareBasis': 'PL2ABEL1', 'brandedFare': 'DN', 'class': 'L', 'includedCheckedBags': {'quantity': 0}}, {'segmentId': '4', 'cabin': 'ECONOMY', 'fareBasis': 'PL3QBEL1', 'brandedFare': 'DN', 'class': 'L', 'includedCheckedBags': {'quantity': 0}}]}]"
flight-offer,2,GDS,False,False,False,2020-12-04,9,"[{'duration': 'PT8H48M', 'segments': [{'departure': {'iataCode': 'AUS', 'at': '2021-02-06T08:15:00'}, 'arrival': {'iataCode': 'MCO', 'at': '2021-02-06T11:42:00'}, 'carrierCode': 'B6', 'number': '2416', 'aircraft': {'code': '320'}, 'operating': {'carrierCode': 'B6'}, 'duration': 'PT2H27M', 'id': '94', 'numberOfStops': 0, 'blacklistedInEU': False}, {'departure': {'iataCode': 'MCO', 'at': '2021-02-06T15:25:00'}, 'arrival': {'iataCode': 'JFK', 'terminal': '5', 'at': '2021-02-06T18:03:00'}, 'carrierCode': 'B6', 'number': '384', 'aircraft': {'code': '321'}, 'operating': {'carrierCode': 'B6'}, 'duration': 'PT2H38M', 'id': '95', 'numberOfStops': 0, 'blacklistedInEU': False}]}]","{'currency': 'USD', 'total': '97.60', 'base': '83.00', 'fees': [{'amount': '0.00', 'type': 'SUPPLIER'}, {'amount': '0.00', 'type': 'TICKETING'}], 'grandTotal': '97.60'}","{'fareType': ['PUBLISHED'], 'includedCheckedBagsOnly': False}",['B6'],"[{'travelerId': '1', 'fareOption': 'STANDARD', 'travelerType': 'ADULT', 'price': {'currency': 'USD', 'total': '97.60', 'base': '83.00'}, 'fareDetailsBySegment': [{'segmentId': '94', 'cabin': 'ECONOMY', 'fareBasis': 'PL2ABEL1', 'brandedFare': 'DN', 'class': 'L', 'includedCheckedBags': {'quantity': 0}}, {'segmentId': '95', 'cabin': 'ECONOMY', 'fareBasis': 'PL3QBEL1', 'brandedFare': 'DN', 'class': 'L', 'includedCheckedBags': {'quantity': 0}}]}]"
flight-offer,3,GDS,False,False,False,2020-12-04,9,"[{'duration': 'PT11H17M', 'segments': [{'departure': {'iataCode': 'AUS', 'at': '2021-02-06T08:15:00'}, 'arrival': {'iataCode': 'MCO', 'at': '2021-02-06T11:42:00'}, 'carrierCode': 'B6', 'number': '2416', 'aircraft': {'code': '320'}, 'operating': {'carrierCode': 'B6'}, 'duration': 'PT2H27M', 'id': '23', 'numberOfStops': 0, 'blacklistedInEU': False}, {'departure': {'iataCode': 'MCO', 'at': '2021-02-06T17:55:00'}, 'arrival': {'iataCode': 'JFK', 'terminal': '5', 'at': '2021-02-06T20:32:00'}, 'carrierCode': 'B6', 'number': '584', 'aircraft': {'code': '320'}, 'operating': {'carrierCode': 'B6'}, 'duration': 'PT2H37M', 'id': '24', 'numberOfStops': 0, 'blacklistedInEU': False}]}]","{'currency': 'USD', 'total': '103.20', 'base': '83.00', 'fees': [{'amount': '0.00', 'type': 'SUPPLIER'}, {'amount': '0.00', 'type': 'TICKETING'}], 'grandTotal': '103.20'}","{'fareType': ['PUBLISHED'], 'includedCheckedBagsOnly': False}",['B6'],"[{'travelerId': '1', 'fareOption': 'STANDARD', 'travelerType': 'ADULT', 'price': {'currency': 'USD', 'total': '103.20', 'base': '83.00'}, 'fareDetailsBySegment': [{'segmentId': '23', 'cabin': 'ECONOMY', 'fareBasis': 'PL2ABEL1', 'brandedFare': 'DN', 'class': 'L', 'includedCheckedBags': {'quantity': 0}}, {'segmentId': '24', 'cabin': 'ECONOMY', 'fareBasis': 'PL3QBEL1', 'brandedFare': 'DN', 'class': 'L', 'includedCheckedBags': {'quantity': 0}}]}]"
flight-offer,4,GDS,False,False,False,2020-12-04,9,"[{'duration': 'PT12H23M', 'segments': [{'departure': {'iataCode': 'AUS', 'at': '2021-02-06T08:15:00'}, 'arrival': {'iataCode': 'MCO', 'at': '2021-02-06T11:42:00'}, 'carrierCode': 'B6', 'number': '2416', 'aircraft': {'code': '320'}, 'operating': {'carrierCode': 'B6'}, 'duration': 'PT2H27M', 'id': '47', 'numberOfStops': 0, 'blacklistedInEU': False}, {'departure': {'iataCode': 'MCO', 'at': '2021-02-06T19:00:00'}, 'arrival': {'iataCode': 'JFK', 'terminal': '5', 'at': '2021-02-06T21:38:00'}, 'carrierCode': 'B6', 'number': '1284', 'aircraft': {'code': '320'}, 'operating': {'carrierCode': 'B6'}, 'duration': 'PT2H38M', 'id': '48', 'numberOfStops': 0, 'blacklistedInEU': False}]}]","{'currency': 'USD', 'total': '103.20', 'base': '83.00', 'fees': [{'amount': '0.00', 'type': 'SUPPLIER'}, {'amount': '0.00', 'type': 'TICKETING'}], 'grandTotal': '103.20'}","{'fareType': ['PUBLISHED'], 'includedCheckedBagsOnly': False}",['B6'],"[{'travelerId': '1', 'fareOption': 'STANDARD', 'travelerType': 'ADULT', 'price': {'currency': 'USD', 'total': '103.20', 'base': '83.00'}, 'fareDetailsBySegment': [{'segmentId': '47', 'cabin': 'ECONOMY', 'fareBasis': 'PL2ABEL1', 'brandedFare': 'DN', 'class': 'L', 'includedCheckedBags': {'quantity': 0}}, {'segmentId': '48', 'cabin': 'ECONOMY', 'fareBasis': 'PL3QBEL1', 'brandedFare': 'DN', 'class': 'L', 'includedCheckedBags': {'quantity': 0}}]}]"
flight-offer,5,GDS,False,False,False,2020-12-04,9,"[{'duration': 'PT25H45M', 'segments': [{'departure': {'iataCode': 'AUS', 'at': '2021-02-06T08:15:00'}, 'arrival': {'iataCode': 'MCO', 'at': '2021-02-06T11:42:00'}, 'carrierCode': 'B6', 'number': '2416', 'aircraft': {'code': '320'}, 'operating': {'carrierCode': 'B6'}, 'duration': 'PT2H27M', 'id': '84', 'numberOfStops': 0, 'blacklistedInEU': False}, {'departure': {'iataCode': 'MCO', 'at': '2021-02-07T08:30:00'}, 'arrival': {'iataCode': 'JFK', 'terminal': '5', 'at': '2021-02-07T11:00:00'}, 'carrierCode': 'B6', 'number': '1084', 'aircraft': {'code': '320'}, 'operating': {'carrierCode': 'B6'}, 'duration': 'PT2H30M', 'id': '85', 'numberOfStops': 0, 'blacklistedInEU': False}]}]","{'currency': 'USD', 'total': '103.20', 'base': '83.00', 'fees': [{'amount': '0.00', 'type': 'SUPPLIER'}, {'amount': '0.00', 'type': 'TICKETING'}], 'grandTotal': '103.20'}","{'fareType': ['PUBLISHED'], 'includedCheckedBagsOnly': False}",['B6'],"[{'travelerId': '1', 'fareOption': 'STANDARD', 'travelerType': 'ADULT', 'price': {'currency': 'USD', 'total': '103.20', 'base': '83.00'}, 'fareDetailsBySegment': [{'segmentId': '84', 'cabin': 'ECONOMY', 'fareBasis': 'PL2ABEL1', 'brandedFare': 'DN', 'class': 'L', 'includedCheckedBags': {'quantity': 0}}, {'segmentId': '85', 'cabin': 'ECONOMY', 'fareBasis': 'PL3QBEL1', 'brandedFare': 'DN', 'class': 'L', 'includedCheckedBags': {'quantity': 0}}]}]"
flight-offer,6,GDS,False,False,False,2020-12-04,9,"[{'duration': 'PT28H17M', 'segments': [{'departure': {'iataCode': 'AUS', 'at': '2021-02-06T08:15:00'}, 'arrival': {'iataCode': 'MCO', 'at': '2021-02-06T11:42:00'}, 'carrierCode': 'B6', 'number': '2416', 'aircraft': {'code': '320'}, 'operating': {'carrierCode': 'B6'}, 'duration': 'PT2H27M', 'id': '25', 'numberOfStops': 0, 'blacklistedInEU': False}, {'departure': {'iataCode': 'MCO', 'at': '2021-02-07T11:00:00'}, 'arrival': {'iataCode': 'JFK', 'terminal': '5', 'at': '2021-02-07T13:32:00'}, 'carrierCode': 'B6', 'number': '484', 'aircraft': {'code': '320'}, 'operating': {'carrierCode': 'B6'}, 'duration': 'PT2H32M', 'id': '26', 'numberOfStops': 0, 'blacklistedInEU': False}]}]","{'currency': 'USD', 'total': '103.20', 'base': '83.00', 'fees': [{'amount': '0.00', 'type': 'SUPPLIER'}, {'amount': '0.00', 'type': 'TICKETING'}], 'grandTotal': '103.20'}","{'fareType': ['PUBLISHED'], 'includedCheckedBagsOnly': False}",['B6'],"[{'travelerId': '1', 'fareOption': 'STANDARD', 'travelerType': 'ADULT', 'price': {'currency': 'USD', 'total': '103.20', 'base': '83.00'}, 'fareDetailsBySegment': [{'segmentId': '25', 'cabin': 'ECONOMY', 'fareBasis': 'PL2ABEL1', 'brandedFare': 'DN', 'class': 'L', 'includedCheckedBags': {'quantity': 0}}, {'segmentId': '26', 'cabin': 'ECONOMY', 'fareBasis': 'PL3QBEL1', 'brandedFare': 'DN', 'class': 'L', 'includedCheckedBags': {'quantity': 0}}]}]"
flight-offer,7,GDS,False,False,False,2020-12-04,9,"[{'duration': 'PT11H32M', 'segments': [{'departure': {'iataCode': 'AUS', 'at': '2021-02-06T16:29:00'}, 'arrival': {'iataCode': 'LAX', 'terminal': '5', 'at': '2021-02-06T17:39:00'}, 'carrierCode': 'B6', 'number': '117', 'aircraft': {'code': '320'}, 'operating': {'carrierCode': 'B6'}, 'duration': 'PT3H10M', 'id': '66', 'numberOfStops': 0, 'blacklistedInEU': False}, {'departure': {'iataCode': 'LAX', 'terminal': '5', 'at': '2021-02-06T20:45:00'}, 'arrival': {'iataCode': 'JFK', 'terminal': '5', 'at': '2021-02-07T05:01:00'}, 'carrierCode': 'B6', 'number': '1224', 'aircraft': {'code': '32S'}, 'operating': {'carrierCode': 'B6'}, 'duration': 'PT5H16M', 'id': '67', 'numberOfStops': 0, 'blacklistedInEU': False}]}]","{'currency': 'USD', 'total': '119.60', 'base': '105.00', 'fees': [{'amount': '0.00', 'type': 'SUPPLIER'}, {'amount': '0.00', 'type': 'TICKETING'}], 'grandTotal': '119.60'}","{'fareType': ['PUBLISHED'], 'includedCheckedBagsOnly': False}",['B6'],"[{'travelerId': '1', 'fareOption': 'STANDARD', 'travelerType': 'ADULT', 'price': {'currency': 'USD', 'total': '119.60', 'base': '105.00'}, 'fareDetailsBySegment': [{'segmentId': '66', 'cabin': 'ECONOMY', 'fareBasis': 'PL4ABEL1', 'brandedFare': 'DN', 'class': 'L', 'includedCheckedBags': {'quantity': 0}}, {'segmentId': '67', 'cabin': 'ECONOMY', 'fareBasis': 'PL4ABEL1', 'brandedFare': 'DN', 'class': 'L', 'includedCheckedBags': {'quantity': 0}}]}]"
flight-offer,8,GDS,False,False,False,2020-12-04,9,"[{'duration': 'PT12H30M', 'segments': [{'departure': {'iataCode': 'AUS', 'at': '2021-02-06T16:29:00'}, 'arrival': {'iataCode': 'LAX', 'terminal': '5', 'at': '2021-02-06T17:39:00'}, 'carrierCode': 'B6', 'number': '117', 'aircraft': {'code': '320'}, 'operating': {'carrierCode': 'B6'}, 'duration': 'PT3H10M', 'id': '59', 'numberOfStops': 0, 'blacklistedInEU': False}, {'departure': {'iataCode': 'LAX', 'terminal': '5', 'at': '2021-02-06T21:45:00'}, 'arrival': {'iataCode': 'JFK', 'terminal': '5', 'at': '2021-02-07T05:59:00'}, 'carrierCode': 'B6', 'number': '2124', 'aircraft': {'code': '32S'}, 'operating': {'carrierCode': 'B6'}, 'duration': 'PT5H14M', 'id': '60', 'numberOfStops': 0, 'blacklistedInEU': False}]}]","{'currency': 'USD', 'total': '125.20', 'base': '105.00', 'fees': [{'amount': '0.00', 'type': 'SUPPLIER'}, {'amount': '0.00', 'type': 'TICKETING'}], 'grandTotal': '125.20'}","{'fareType': ['PUBLISHED'], 'includedCheckedBagsOnly': False}",['B6'],"[{'travelerId': '1', 'fareOption': 'STANDARD', 'travelerType': 'ADULT', 'price': {'currency': 'USD', 'total': '125.20', 'base': '105.00'}, 'fareDetailsBySegment': [{'segmentId': '59', 'cabin': 'ECONOMY', 'fareBasis': 'PL4ABEL1', 'brandedFare': 'DN', 'class': 'L', 'includedCheckedBags': {'quantity': 0}}, {'segmentId': '60', 'cabin': 'ECONOMY', 'fareBasis': 'PL4ABEL1', 'brandedFare': 'DN', 'class': 'L', 'includedCheckedBags': {'quantity': 0}}]}]"
flight-offer,9,GDS,False,False,False,2020-12-04,9,"[{'duration': 'PT14H19M', 'segments': [{'departure': {'iataCode': 'AUS', 'at': '2021-02-06T16:29:00'}, 'arrival': {'iataCode': 'LAX', 'terminal': '5', 'at': '2021-02-06T17:39:00'}, 'carrierCode': 'B6', 'number': '117', 'aircraft': {'code': '320'}, 'operating': {'carrierCode': 'B6'}, 'duration': 'PT3H10M', 'id': '31', 'numberOfStops': 0, 'blacklistedInEU': False}, {'departure': {'iataCode': 'LAX', 'terminal': '5', 'at': '2021-02-06T23:29:00'}, 'arrival': {'iataCode': 'JFK', 'terminal': '5', 'at': '2021-02-07T07:48:00'}, 'carrierCode': 'B6', 'number': '1424', 'aircraft': {'code': '32S'}, 'operating': {'carrierCode': 'B6'}, 'duration': 'PT5H19M', 'id': '32', 'numberOfStops': 0, 'blacklistedInEU': False}]}]","{'currency': 'USD', 'total': '125.20', 'base': '105.00', 'fees': [{'amount': '0.00', 'type': 'SUPPLIER'}, {'amount': '0.00', 'type': 'TICKETING'}], 'grandTotal': '125.20'}","{'fareType': ['PUBLISHED'], 'includedCheckedBagsOnly': False}",['B6'],"[{'travelerId': '1', 'fareOption': 'STANDARD', 'travelerType': 'ADULT', 'price': {'currency': 'USD', 'total': '125.20', 'base': '105.00'}, 'fareDetailsBySegment': [{'segmentId': '31', 'cabin': 'ECONOMY', 'fareBasis': 'PL4ABEL1', 'brandedFare': 'DN', 'class': 'L', 'includedCheckedBags': {'quantity': 0}}, {'segmentId': '32', 'cabin': 'ECONOMY', 'fareBasis': 'PL4ABEL1', 'brandedFare': 'DN', 'class': 'L', 'includedCheckedBags': {'quantity': 0}}]}]"
flight-offer,10,GDS,False,False,False,2020-12-04,9,"[{'duration': 'PT3H31M', 'segments': [{'departure': {'iataCode': 'AUS', 'at': '2021-02-06T11:10:00'}, 'arrival': {'iataCode': 'JFK', 'terminal': '5', 'at': '2021-02-06T15:41:00'}, 'carrierCode': 'B6', 'number': '1094', 'aircraft': {'code': '320'}, 'operating': {'carrierCode': 'B6'}, 'duration': 'PT3H31M', 'id': '61', 'numberOfStops': 0, 'blacklistedInEU': False}]}]","{'currency': 'USD', 'total': '148.10', 'base': '138.00', 'fees': [{'amount': '0.00', 'type': 'SUPPLIER'}, {'amount': '0.00', 'type': 'TICKETING'}], 'grandTotal': '148.10'}","{'fareType': ['PUBLISHED'], 'includedCheckedBagsOnly': False}",['B6'],"[{'travelerId': '1', 'fareOption': 'STANDARD', 'travelerType': 'ADULT', 'price': {'currency': 'USD', 'total': '148.10', 'base': '138.00'}, 'fareDetailsBySegment': [{'segmentId': '61', 'cabin': 'ECONOMY', 'fareBasis': 'SI2ABEL1', 'brandedFare': 'DN', 'class': 'L', 'includedCheckedBags': {'quantity': 0}}]}]"
flight-offer,11,GDS,False,False,False,2020-12-04,9,"[{'duration': 'PT3H35M', 'segments': [{'departure': {'iataCode': 'AUS', 'at': '2021-02-06T07:20:00'}, 'arrival': {'iataCode': 'JFK', 'terminal': '4', 'at': '2021-02-06T11:55:00'}, 'carrierCode': 'DL', 'number': '2544', 'aircraft': {'code': '320'}, 'operating': {'carrierCode': 'DL'}, 'duration': 'PT3H35M', 'id': '70', 'numberOfStops': 0, 'blacklistedInEU': False}]}]","{'currency': 'USD', 'total': '148.10', 'base': '138.00', 'fees': [{'amount': '0.00', 'type': 'SUPPLIER'}, {'amount': '0.00', 'type': 'TICKETING'}], 'grandTotal': '148.10'}","{'fareType': ['PUBLISHED'], 'includedCheckedBagsOnly': False}",['DL'],"[{'travelerId': '1', 'fareOption': 'STANDARD', 'travelerType': 'ADULT', 'price': {'currency': 'USD', 'total': '148.10', 'base': '138.00'}, 'fareDetailsBySegment': [{'segmentId': '70', 'cabin': 'ECONOMY', 'fareBasis': 'TAVQA0BC', 'brandedFare': 'BASICECON', 'class': 'E', 'includedCheckedBags': {'quantity': 0}}]}]"
flight-offer,12,GDS,False,False,False,2020-12-04,9,"[{'duration': 'PT3H37M', 'segments': [{'departure': {'iataCode': 'AUS', 'at': '2021-02-06T12:30:00'}, 'arrival': {'iataCode': 'JFK', 'terminal': '4', 'at': '2021-02-06T17:07:00'}, 'carrierCode': 'DL', 'number': '1327', 'aircraft': {'code': '320'}, 'operating': {'carrierCode': 'DL'}, 'duration': 'PT3H37M', 'id': '77', 'numberOfStops': 0, 'blacklistedInEU': False}]}]","{'currency': 'USD', 'total': '148.10', 'base': '138.00', 'fees': [{'amount': '0.00', 'type': 'SUPPLIER'}, {'amount': '0.00', 'type': 'TICKETING'}], 'grandTotal': '148.10'}","{'fareType': ['PUBLISHED'], 'includedCheckedBagsOnly': False}",['DL'],"[{'travelerId': '1', 'fareOption': 'STANDARD', 'travelerType': 'ADULT', 'price': {'currency': 'USD', 'total': '148.10', 'base': '138.00'}, 'fareDetailsBySegment': [{'segmentId': '77', 'cabin': 'ECONOMY', 'fareBasis': 'TAVQA0BC', 'brandedFare': 'BASICECON', 'class': 'E', 'includedCheckedBags': {'quantity': 0}}]}]"
flight-offer,13,GDS,False,False,False,2020-12-04,9,"[{'duration': 'PT5H21M', 'segments': [{'departure': {'iataCode': 'AUS', 'at': '2021-02-06T09:41:00'}, 'arrival': {'iataCode': 'ATL', 'terminal': 'S', 'at': '2021-02-06T12:59:00'}, 'carrierCode': 'DL', 'number': '1694', 'aircraft': {'code': '321'}, 'operating': {'carrierCode': 'DL'}, 'duration': 'PT2H18M', 'id': '35', 'numberOfStops': 0, 'blacklistedInEU': False}, {'departure': {'iataCode': 'ATL', 'terminal': 'S', 'at': '2021-02-06T13:49:00'}, 'arrival': {'iataCode': 'JFK', 'terminal': '4', 'at': '2021-02-06T16:02:00'}, 'carrierCode': 'DL', 'number': '535', 'aircraft': {'code': '321'}, 'operating': {'carrierCode': 'DL'}, 'duration': 'PT2H13M', 'id': '36', 'numberOfStops': 0, 'blacklistedInEU': False}]}]","{'currency': 'USD', 'total': '152.60', 'base': '138.00', 'fees': [{'amount': '0.00', 'type': 'SUPPLIER'}, {'amount': '0.00', 'type': 'TICKETING'}], 'grandTotal': '152.60'}","{'fareType': ['PUBLISHED'], 'includedCheckedBagsOnly': False}",['DL'],"[{'travelerId': '1', 'fareOption': 'STANDARD', 'travelerType': 'ADULT', 'price': {'currency': 'USD', 'total': '152.60', 'base': '138.00'}, 'fareDetailsBySegment': [{'segmentId': '35', 'cabin': 'ECONOMY', 'fareBasis': 'TAVQA0BC', 'brandedFare': 'BASICECON', 'class': 'E', 'includedCheckedBags': {'quantity': 0}}, {'segmentId': '36', 'cabin': 'ECONOMY', 'fareBasis': 'TAVQA0BC', 'brandedFare': 'BASICECON', 'class': 'E', 'includedCheckedBags': {'quantity': 0}}]}]"
flight-offer,14,GDS,False,False,False,2020-12-04,9,"[{'duration': 'PT5H32M', 'segments': [{'departure': {'iataCode': 'AUS', 'at': '2021-02-06T05:40:00'}, 'arrival': {'iataCode': 'ATL', 'terminal': 'S', 'at': '2021-02-06T08:51:00'}, 'carrierCode': 'DL', 'number': '482', 'aircraft': {'code': '321'}, 'operating': {'carrierCode': 'DL'}, 'duration': 'PT2H11M', 'id': '64', 'numberOfStops': 0, 'blacklistedInEU': False}, {'departure': {'iataCode': 'ATL', 'terminal': 'S', 'at': '2021-02-06T09:56:00'}, 'arrival': {'iataCode': 'JFK', 'terminal': '4', 'at': '2021-02-06T12:12:00'}, 'carrierCode': 'DL', 'number': '461', 'aircraft': {'code': '739'}, 'operating': {'carrierCode': 'DL'}, 'duration': 'PT2H16M', 'id': '65', 'numberOfStops': 0, 'blacklistedInEU': False}]}]","{'currency': 'USD', 'total': '152.60', 'base': '138.00', 'fees': [{'amount': '0.00', 'type': 'SUPPLIER'}, {'amount': '0.00', 'type': 'TICKETING'}], 'grandTotal': '152.60'}","{'fareType': ['PUBLISHED'], 'includedCheckedBagsOnly': False}",['DL'],"[{'travelerId': '1', 'fareOption': 'STANDARD', 'travelerType': 'ADULT', 'price': {'currency': 'USD', 'total': '152.60', 'base': '138.00'}, 'fareDetailsBySegment': [{'segmentId': '64', 'cabin': 'ECONOMY', 'fareBasis': 'TAVQA0BC', 'brandedFare': 'BASICECON', 'class': 'E', 'includedCheckedBags': {'quantity': 0}}, {'segmentId': '65', 'cabin': 'ECONOMY', 'fareBasis': 'TAVQA0BC', 'brandedFare': 'BASICECON', 'class': 'E', 'includedCheckedBags': {'quantity': 0}}]}]"
flight-offer,15,GDS,False,False,False,2020-12-04,9,"[{'duration': 'PT5H47M', 'segments': [{'departure': {'iataCode': 'AUS', 'at': '2021-02-06T17:06:00'}, 'arrival': {'iataCode': 'ATL', 'terminal': 'S', 'at': '2021-02-06T20:30:00'}, 'carrierCode': 'DL', 'number': '1729', 'aircraft': {'code': '321'}, 'operating': {'carrierCode': 'DL'}, 'duration': 'PT2H24M', 'id': '90', 'numberOfStops': 0, 'blacklistedInEU': False}, {'departure': {'iataCode': 'ATL', 'terminal': 'S', 'at': '2021-02-06T21:37:00'}, 'arrival': {'iataCode': 'JFK', 'terminal': '4', 'at': '2021-02-06T23:53:00'}, 'carrierCode': 'DL', 'number': '2473', 'aircraft': {'code': '738'}, 'operating': {'carrierCode': 'DL'}, 'duration': 'PT2H16M', 'id': '91', 'numberOfStops': 0, 'blacklistedInEU': False}]}]","{'currency': 'USD', 'total': '152.60', 'base': '138.00', 'fees': [{'amount': '0.00', 'type': 'SUPPLIER'}, {'amount': '0.00', 'type': 'TICKETING'}], 'grandTotal': '152.60'}","{'fareType': ['PUBLISHED'], 'includedCheckedBagsOnly': False}",['DL'],"[{'travelerId': '1', 'fareOption': 'STANDARD', 'travelerType': 'ADULT', 'price': {'currency': 'USD', 'total': '152.60', 'base': '138.00'}, 'fareDetailsBySegment': [{'segmentId': '90', 'cabin': 'ECONOMY', 'fareBasis': 'TAVQA0BC', 'brandedFare': 'BASICECON', 'class': 'E', 'includedCheckedBags': {'quantity': 0}}, {'segmentId': '91', 'cabin': 'ECONOMY', 'fareBasis': 'TAVQA0BC', 'brandedFare': 'BASICECON', 'class': 'E', 'includedCheckedBags': {'quantity': 0}}]}]"
flight-offer,16,GDS,False,False,False,2020-12-04,9,"[{'duration': 'PT5H54M', 'segments': [{'departure': {'iataCode': 'AUS', 'at': '2021-02-06T07:15:00'}, 'arrival': {'iataCode': 'DTW', 'terminal': 'EM', 'at': '2021-02-06T11:04:00'}, 'carrierCode': 'DL', 'number': '2001', 'aircraft': {'code': '319'}, 'operating': {'carrierCode': 'DL'}, 'duration': 'PT2H49M', 'id': '108', 'numberOfStops': 0, 'blacklistedInEU': False}, {'departure': {'iataCode': 'DTW', 'terminal': 'EM', 'at': '2021-02-06T12:15:00'}, 'arrival': {'iataCode': 'JFK', 'terminal': '4', 'at': '2021-02-06T14:09:00'}, 'carrierCode': 'DL', 'number': '5129', 'aircraft': {'code': 'CR9'}, 'duration': 'PT1H54M', 'id': '109', 'numberOfStops': 0, 'blacklistedInEU': False}]}]","{'currency': 'USD', 'total': '152.60', 'base': '138.00', 'fees': [{'amount': '0.00', 'type': 'SUPPLIER'}, {'amount': '0.00', 'type': 'TICKETING'}], 'grandTotal': '152.60'}","{'fareType': ['PUBLISHED'], 'includedCheckedBagsOnly': False}",['DL'],"[{'travelerId': '1', 'fareOption': 'STANDARD', 'travelerType': 'ADULT', 'price': {'currency': 'USD', 'total': '152.60', 'base': '138.00'}, 'fareDetailsBySegment': [{'segmentId': '108', 'cabin': 'ECONOMY', 'fareBasis': 'TAVQA0BC', 'brandedFare': 'BASICECON', 'class': 'E', 'includedCheckedBags': {'quantity': 0}}, {'segmentId': '109', 'cabin': 'ECONOMY', 'fareBasis': 'TAVQA0BC', 'brandedFare': 'BASICECON', 'class': 'E', 'includedCheckedBags': {'quantity': 0}}]}]"
flight-offer,17,GDS,False,False,False,2020-12-04,9,"[{'duration': 'PT6H25M', 'segments': [{'departure': {'iataCode': 'AUS', 'at': '2021-02-06T06:25:00'}, 'arrival': {'iataCode': 'MSP', 'terminal': '1', 'at': '2021-02-06T09:07:00'}, 'carrierCode': 'DL', 'number': '1697', 'aircraft': {'code': '319'}, 'operating': {'carrierCode': 'DL'}, 'duration': 'PT2H42M', 'id': '49', 'numberOfStops': 0, 'blacklistedInEU': False}, {'departure': {'iataCode': 'MSP', 'terminal': '1', 'at': '2021-02-06T10:08:00'}, 'arrival': {'iataCode': 'JFK', 'terminal': '4', 'at': '2021-02-06T13:50:00'}, 'carrierCode': 'DL', 'number': '1423', 'aircraft': {'code': '221'}, 'operating': {'carrierCode': 'DL'}, 'duration': 'PT2H42M', 'id': '50', 'numberOfStops': 0, 'blacklistedInEU': False}]}]","{'currency': 'USD', 'total': '152.60', 'base': '138.00', 'fees': [{'amount': '0.00', 'type': 'SUPPLIER'}, {'amount': '0.00', 'type': 'TICKETING'}], 'grandTotal': '152.60'}","{'fareType': ['PUBLISHED'], 'includedCheckedBagsOnly': False}",['DL'],"[{'travelerId': '1', 'fareOption': 'STANDARD', 'travelerType': 'ADULT', 'price': {'currency': 'USD', 'total': '152.60', 'base': '138.00'}, 'fareDetailsBySegment': [{'segmentId': '49', 'cabin': 'ECONOMY', 'fareBasis': 'TAVQA0BC', 'brandedFare': 'BASICECON', 'class': 'E', 'includedCheckedBags': {'quantity': 0}}, {'segmentId': '50', 'cabin': 'ECONOMY', 'fareBasis': 'TAVQA0BC', 'brandedFare': 'BASICECON', 'class': 'E', 'includedCheckedBags': {'quantity': 0}}]}]"
flight-offer,18,GDS,False,False,False,2020-12-04,9,"[{'duration': 'PT6H33M', 'segments': [{'departure': {'iataCode': 'AUS', 'at': '2021-02-06T09:41:00'}, 'arrival': {'iataCode': 'ATL', 'terminal': 'S', 'at': '2021-02-06T12:59:00'}, 'carrierCode': 'DL', 'number': '1694', 'aircraft': {'code': '321'}, 'operating': {'carrierCode': 'DL'}, 'duration': 'PT2H18M', 'id': '68', 'numberOfStops': 0, 'blacklistedInEU': False}, {'departure': {'iataCode': 'ATL', 'terminal': 'S', 'at': '2021-02-06T15:00:00'}, 'arrival': {'iataCode': 'JFK', 'terminal': '4', 'at': '2021-02-06T17:14:00'}, 'carrierCode': 'DL', 'number': '2227', 'aircraft': {'code': '320'}, 'operating': {'carrierCode': 'DL'}, 'duration': 'PT2H14M', 'id': '69', 'numberOfStops': 0, 'blacklistedInEU': False}]}]","{'currency': 'USD', 'total': '152.60', 'base': '138.00', 'fees': [{'amount': '0.00', 'type': 'SUPPLIER'}, {'amount': '0.00', 'type': 'TICKETING'}], 'grandTotal': '152.60'}","{'fareType': ['PUBLISHED'], 'includedCheckedBagsOnly': False}",['DL'],"[{'travelerId': '1', 'fareOption': 'STANDARD', 'travelerType': 'ADULT', 'price': {'currency': 'USD', 'total': '152.60', 'base': '138.00'}, 'fareDetailsBySegment': [{'segmentId': '68', 'cabin': 'ECONOMY', 'fareBasis': 'TAVQA0BC', 'brandedFare': 'BASICECON', 'class': 'E', 'includedCheckedBags': {'quantity': 0}}, {'segmentId': '69', 'cabin': 'ECONOMY', 'fareBasis': 'TAVQA0BC', 'brandedFare': 'BASICECON', 'class': 'E', 'includedCheckedBags': {'quantity': 0}}]}]"
flight-offer,19,GDS,False,False,False,2020-12-04,9,"[{'duration': 'PT6H39M', 'segments': [{'departure': {'iataCode': 'AUS', 'at': '2021-02-06T05:40:00'}, 'arrival': {'iataCode': 'ATL', 'terminal': 'S', 'at': '2021-02-06T08:51:00'}, 'carrierCode': 'DL', 'number': '482', 'aircraft': {'code': '321'}, 'operating': {'carrierCode': 'DL'}, 'duration': 'PT2H11M', 'id': '78', 'numberOfStops': 0, 'blacklistedInEU': False}, {'departure': {'iataCode': 'ATL', 'terminal': 'S', 'at': '2021-02-06T11:05:00'}, 'arrival': {'iataCode': 'JFK', 'terminal': '4', 'at': '2021-02-06T13:19:00'}, 'carrierCode': 'DL', 'number': '494', 'aircraft': {'code': '757'}, 'operating': {'carrierCode': 'DL'}, 'duration': 'PT2H14M', 'id': '79', 'numberOfStops': 0, 'blacklistedInEU': False}]}]","{'currency': 'USD', 'total': '152.60', 'base': '138.00', 'fees': [{'amount': '0.00', 'type': 'SUPPLIER'}, {'amount': '0.00', 'type': 'TICKETING'}], 'grandTotal': '152.60'}","{'fareType': ['PUBLISHED'], 'includedCheckedBagsOnly': False}",['DL'],"[{'travelerId': '1', 'fareOption': 'STANDARD', 'travelerType': 'ADULT', 'price': {'currency': 'USD', 'total': '152.60', 'base': '138.00'}, 'fareDetailsBySegment': [{'segmentId': '78', 'cabin': 'ECONOMY', 'fareBasis': 'TAVQA0BC', 'brandedFare': 'BASICECON', 'class': 'E', 'includedCheckedBags': {'quantity': 0}}, {'segmentId': '79', 'cabin': 'ECONOMY', 'fareBasis': 'TAVQA0BC', 'brandedFare': 'BASICECON', 'class': 'E', 'includedCheckedBags': {'quantity': 0}}]}]"
flight-offer,20,GDS,False,False,False,2020-12-04,9,"[{'duration': 'PT7H2M', 'segments': [{'departure': {'iataCode': 'AUS', 'at': '2021-02-06T08:00:00'}, 'arrival': {'iataCode': 'ATL', 'terminal': 'S', 'at': '2021-02-06T11:14:00'}, 'carrierCode': 'DL', 'number': '1762', 'aircraft': {'code': '321'}, 'operating': {'carrierCode': 'DL'}, 'duration': 'PT2H14M', 'id': '1', 'numberOfStops': 0, 'blacklistedInEU': False}, {'departure': {'iataCode': 'ATL', 'terminal': 'S', 'at': '2021-02-06T13:49:00'}, 'arrival': {'iataCode': 'JFK', 'terminal': '4', 'at': '2021-02-06T16:02:00'}, 'carrierCode': 'DL', 'number': '535', 'aircraft': {'code': '321'}, 'operating': {'carrierCode': 'DL'}, 'duration': 'PT2H13M', 'id': '2', 'numberOfStops': 0, 'blacklistedInEU': False}]}]","{'currency': 'USD', 'total': '152.60', 'base': '138.00', 'fees': [{'amount': '0.00', 'type': 'SUPPLIER'}, {'amount': '0.00', 'type': 'TICKETING'}], 'grandTotal': '152.60'}","{'fareType': ['PUBLISHED'], 'includedCheckedBagsOnly': False}",['DL'],"[{'travelerId': '1', 'fareOption': 'STANDARD', 'travelerType': 'ADULT', 'price': {'currency': 'USD', 'total': '152.60', 'base': '138.00'}, 'fareDetailsBySegment': [{'segmentId': '1', 'cabin': 'ECONOMY', 'fareBasis': 'TAVQA0BC', 'brandedFare': 'BASICECON', 'class': 'E', 'includedCheckedBags': {'quantity': 0}}, {'segmentId': '2', 'cabin': 'ECONOMY', 'fareBasis': 'TAVQA0BC', 'brandedFare': 'BASICECON', 'class': 'E', 'includedCheckedBags': {'quantity': 0}}]}]"
flight-offer,21,GDS,False,False,False,2020-12-04,9,"[{'duration': 'PT7H23M', 'segments': [{'departure': {'iataCode': 'AUS', 'at': '2021-02-06T15:30:00'}, 'arrival': {'iataCode': 'ATL', 'terminal': 'S', 'at': '2021-02-06T18:53:00'}, 'carrierCode': 'DL', 'number': '1718', 'aircraft': {'code': '321'}, 'operating': {'carrierCode': 'DL'}, 'duration': 'PT2H23M', 'id': '43', 'numberOfStops': 0, 'blacklistedInEU': False}, {'departure': {'iataCode': 'ATL', 'terminal': 'S', 'at': '2021-02-06T21:37:00'}, 'arrival': {'iataCode': 'JFK', 'terminal': '4', 'at': '2021-02-06T23:53:00'}, 'carrierCode': 'DL', 'number': '2473', 'aircraft': {'code': '738'}, 'operating': {'carrierCode': 'DL'}, 'duration': 'PT2H16M', 'id': '44', 'numberOfStops': 0, 'blacklistedInEU': False}]}]","{'currency': 'USD', 'total': '152.60', 'base': '138.00', 'fees': [{'amount': '0.00', 'type': 'SUPPLIER'}, {'amount': '0.00', 'type': 'TICKETING'}], 'grandTotal': '152.60'}","{'fareType': ['PUBLISHED'], 'includedCheckedBagsOnly': False}",['DL'],"[{'travelerId': '1', 'fareOption': 'STANDARD', 'travelerType': 'ADULT', 'price': {'currency': 'USD', 'total': '152.60', 'base': '138.00'}, 'fareDetailsBySegment': [{'segmentId': '43', 'cabin': 'ECONOMY', 'fareBasis': 'TAVQA0BC', 'brandedFare': 'BASICECON', 'class': 'E', 'includedCheckedBags': {'quantity': 0}}, {'segmentId': '44', 'cabin': 'ECONOMY', 'fareBasis': 'TAVQA0BC', 'brandedFare': 'BASICECON', 'class': 'E', 'includedCheckedBags': {'quantity': 0}}]}]"
flight-offer,22,GDS,False,False,False,2020-12-04,9,"[{'duration': 'PT8H14M', 'segments': [{'departure': {'iataCode': 'AUS', 'at': '2021-02-06T08:00:00'}, 'arrival': {'iataCode': 'ATL', 'terminal': 'S', 'at': '2021-02-06T11:14:00'}, 'carrierCode': 'DL', 'number': '1762', 'aircraft': {'code': '321'}, 'operating': {'carrierCode': 'DL'}, 'duration': 'PT2H14M', 'id': '19', 'numberOfStops': 0, 'blacklistedInEU': False}, {'departure': {'iataCode': 'ATL', 'terminal': 'S', 'at': '2021-02-06T15:00:00'}, 'arrival': {'iataCode': 'JFK', 'terminal': '4', 'at': '2021-02-06T17:14:00'}, 'carrierCode': 'DL', 'number': '2227', 'aircraft': {'code': '320'}, 'operating': {'carrierCode': 'DL'}, 'duration': 'PT2H14M', 'id': '20', 'numberOfStops': 0, 'blacklistedInEU': False}]}]","{'currency': 'USD', 'total': '152.60', 'base': '138.00', 'fees': [{'amount': '0.00', 'type': 'SUPPLIER'}, {'amount': '0.00', 'type': 'TICKETING'}], 'grandTotal': '152.60'}","{'fareType': ['PUBLISHED'], 'includedCheckedBagsOnly': False}",['DL'],"[{'travelerId': '1', 'fareOption': 'STANDARD', 'travelerType': 'ADULT', 'price': {'currency': 'USD', 'total': '152.60', 'base': '138.00'}, 'fareDetailsBySegment': [{'segmentId': '19', 'cabin': 'ECONOMY', 'fareBasis': 'TAVQA0BC', 'brandedFare': 'BASICECON', 'class': 'E', 'includedCheckedBags': {'quantity': 0}}, {'segmentId': '20', 'cabin': 'ECONOMY', 'fareBasis': 'TAVQA0BC', 'brandedFare': 'BASICECON', 'class': 'E', 'includedCheckedBags': {'quantity': 0}}]}]"
flight-offer,23,GDS,False,False,False,2020-12-04,9,"[{'duration': 'PT8H20M', 'segments': [{'departure': {'iataCode': 'AUS', 'at': '2021-02-06T10:43:00'}, 'arrival': {'iataCode': 'RDU', 'terminal': '2', 'at': '2021-02-06T14:24:00'}, 'carrierCode': 'DL', 'number': '4855', 'aircraft': {'code': 'CR9'}, 'duration': 'PT2H41M', 'id': '33', 'numberOfStops': 0, 'blacklistedInEU': False}, {'departure': {'iataCode': 'RDU', 'terminal': '2', 'at': '2021-02-06T18:10:00'}, 'arrival': {'iataCode': 'JFK', 'terminal': '4', 'at': '2021-02-06T20:03:00'}, 'carrierCode': 'DL', 'number': '2205', 'aircraft': {'code': '717'}, 'operating': {'carrierCode': 'DL'}, 'duration': 'PT1H53M', 'id': '34', 'numberOfStops': 0, 'blacklistedInEU': False}]}]","{'currency': 'USD', 'total': '152.60', 'base': '138.00', 'fees': [{'amount': '0.00', 'type': 'SUPPLIER'}, {'amount': '0.00', 'type': 'TICKETING'}], 'grandTotal': '152.60'}","{'fareType': ['PUBLISHED'], 'includedCheckedBagsOnly': False}",['DL'],"[{'travelerId': '1', 'fareOption': 'STANDARD', 'travelerType': 'ADULT', 'price': {'currency': 'USD', 'total': '152.60', 'base': '138.00'}, 'fareDetailsBySegment': [{'segmentId': '33', 'cabin': 'ECONOMY', 'fareBasis': 'TAVQA0BC', 'brandedFare': 'BASICECON', 'class': 'E', 'includedCheckedBags': {'quantity': 0}}, {'segmentId': '34', 'cabin': 'ECONOMY', 'fareBasis': 'TAVQA0BC', 'brandedFare': 'BASICECON', 'class': 'E', 'includedCheckedBags': {'quantity': 0}}]}]"
flight-offer,24,GDS,False,False,False,2020-12-04,9,"[{'duration': 'PT9H22M', 'segments': [{'departure': {'iataCode': 'AUS', 'at': '2021-02-06T05:40:00'}, 'arrival': {'iataCode': 'ATL', 'terminal': 'S', 'at': '2021-02-06T08:51:00'}, 'carrierCode': 'DL', 'number': '482', 'aircraft': {'code': '321'}, 'operating': {'carrierCode': 'DL'}, 'duration': 'PT2H11M', 'id': '41', 'numberOfStops': 0, 'blacklistedInEU': False}, {'departure': {'iataCode': 'ATL', 'terminal': 'S', 'at': '2021-02-06T13:49:00'}, 'arrival': {'iataCode': 'JFK', 'terminal': '4', 'at': '2021-02-06T16:02:00'}, 'carrierCode': 'DL', 'number': '535', 'aircraft': {'code': '321'}, 'operating': {'carrierCode': 'DL'}, 'duration': 'PT2H13M', 'id': '42', 'numberOfStops': 0, 'blacklistedInEU': False}]}]","{'currency': 'USD', 'total': '158.20', 'base': '138.00', 'fees': [{'amount': '0.00', 'type': 'SUPPLIER'}, {'amount': '0.00', 'type': 'TICKETING'}], 'grandTotal': '158.20'}","{'fareType': ['PUBLISHED'], 'includedCheckedBagsOnly': False}",['DL'],"[{'travelerId': '1', 'fareOption': 'STANDARD', 'travelerType': 'ADULT', 'price': {'currency': 'USD', 'total': '158.20', 'base': '138.00'}, 'fareDetailsBySegment': [{'segmentId': '41', 'cabin': 'ECONOMY', 'fareBasis': 'TAVQA0BC', 'brandedFare': 'BASICECON', 'class': 'E', 'includedCheckedBags': {'quantity': 0}}, {'segmentId': '42', 'cabin': 'ECONOMY', 'fareBasis': 'TAVQA0BC', 'brandedFare': 'BASICECON', 'class': 'E', 'includedCheckedBags': {'quantity': 0}}]}]"
flight-offer,25,GDS,False,False,False,2020-12-04,9,"[{'duration': 'PT9H23M', 'segments': [{'departure': {'iataCode': 'AUS', 'at': '2021-02-06T13:30:00'}, 'arrival': {'iataCode': 'ATL', 'terminal': 'S', 'at': '2021-02-06T16:49:00'}, 'carrierCode': 'DL', 'number': '1726', 'aircraft': {'code': '321'}, 'operating': {'carrierCode': 'DL'}, 'duration': 'PT2H19M', 'id': '45', 'numberOfStops': 0, 'blacklistedInEU': False}, {'departure': {'iataCode': 'ATL', 'terminal': 'S', 'at': '2021-02-06T21:37:00'}, 'arrival': {'iataCode': 'JFK', 'terminal': '4', 'at': '2021-02-06T23:53:00'}, 'carrierCode': 'DL', 'number': '2473', 'aircraft': {'code': '738'}, 'operating': {'carrierCode': 'DL'}, 'duration': 'PT2H16M', 'id': '46', 'numberOfStops': 0, 'blacklistedInEU': False}]}]","{'currency': 'USD', 'total': '158.20', 'base': '138.00', 'fees': [{'amount': '0.00', 'type': 'SUPPLIER'}, {'amount': '0.00', 'type': 'TICKETING'}], 'grandTotal': '158.20'}","{'fareType': ['PUBLISHED'], 'includedCheckedBagsOnly': False}",['DL'],"[{'travelerId': '1', 'fareOption': 'STANDARD', 'travelerType': 'ADULT', 'price': {'currency': 'USD', 'total': '158.20', 'base': '138.00'}, 'fareDetailsBySegment': [{'segmentId': '45', 'cabin': 'ECONOMY', 'fareBasis': 'TAVQA0BC', 'brandedFare': 'BASICECON', 'class': 'E', 'includedCheckedBags': {'quantity': 0}}, {'segmentId': '46', 'cabin': 'ECONOMY', 'fareBasis': 'TAVQA0BC', 'brandedFare': 'BASICECON', 'class': 'E', 'includedCheckedBags': {'quantity': 0}}]}]"
flight-offer,26,GDS,False,False,False,2020-12-04,9,"[{'duration': 'PT10H46M', 'segments': [{'departure': {'iataCode': 'AUS', 'at': '2021-02-06T06:25:00'}, 'arrival': {'iataCode': 'MSP', 'terminal': '1', 'at': '2021-02-06T09:07:00'}, 'carrierCode': 'DL', 'number': '1697', 'aircraft': {'code': '319'}, 'operating': {'carrierCode': 'DL'}, 'duration': 'PT2H42M', 'id': '86', 'numberOfStops': 0, 'blacklistedInEU': False}, {'departure': {'iataCode': 'MSP', 'terminal': '1', 'at': '2021-02-06T14:20:00'}, 'arrival': {'iataCode': 'JFK', 'terminal': '4', 'at': '2021-02-06T18:11:00'}, 'carrierCode': 'DL', 'number': '1149', 'aircraft': {'code': '717'}, 'operating': {'carrierCode': 'DL'}, 'duration': 'PT2H51M', 'id': '87', 'numberOfStops': 0, 'blacklistedInEU': False}]}]","{'currency': 'USD', 'total': '158.20', 'base': '138.00', 'fees': [{'amount': '0.00', 'type': 'SUPPLIER'}, {'amount': '0.00', 'type': 'TICKETING'}], 'grandTotal': '158.20'}","{'fareType': ['PUBLISHED'], 'includedCheckedBagsOnly': False}",['DL'],"[{'travelerId': '1', 'fareOption': 'STANDARD', 'travelerType': 'ADULT', 'price': {'currency': 'USD', 'total': '158.20', 'base': '138.00'}, 'fareDetailsBySegment': [{'segmentId': '86', 'cabin': 'ECONOMY', 'fareBasis': 'TAVQA0BC', 'brandedFare': 'BASICECON', 'class': 'E', 'includedCheckedBags': {'quantity': 0}}, {'segmentId': '87', 'cabin': 'ECONOMY', 'fareBasis': 'TAVQA0BC', 'brandedFare': 'BASICECON', 'class': 'E', 'includedCheckedBags': {'quantity': 0}}]}]"
flight-offer,27,GDS,False,False,False,2020-12-04,9,"[{'duration': 'PT6H50M', 'segments': [{'departure': {'iataCode': 'AUS', 'at': '2021-02-06T10:43:00'}, 'arrival': {'iataCode': 'RDU', 'terminal': '2', 'at': '2021-02-06T14:24:00'}, 'carrierCode': 'DL', 'number': '4855', 'aircraft': {'code': 'CR9'}, 'duration': 'PT2H41M', 'id': '96', 'numberOfStops': 0, 'blacklistedInEU': False}, {'departure': {'iataCode': 'RDU', 'terminal': '2', 'at': '2021-02-06T16:44:00'}, 'arrival': {'iataCode': 'JFK', 'terminal': '4', 'at': '2021-02-06T18:33:00'}, 'carrierCode': 'DL', 'number': '5216', 'aircraft': {'code': 'CR9'}, 'duration': 'PT1H49M', 'id': '97', 'numberOfStops': 0, 'blacklistedInEU': False}]}]","{'currency': 'USD', 'total': '162.60', 'base': '148.00', 'fees': [{'amount': '0.00', 'type': 'SUPPLIER'}, {'amount': '0.00', 'type': 'TICKETING'}], 'grandTotal': '162.60'}","{'fareType': ['PUBLISHED'], 'includedCheckedBagsOnly': False}",['DL'],"[{'travelerId': '1', 'fareOption': 'STANDARD', 'travelerType': 'ADULT', 'price': {'currency': 'USD', 'total': '162.60', 'base': '148.00'}, 'fareDetailsBySegment': [{'segmentId': '96', 'cabin': 'ECONOMY', 'fareBasis': 'UAVOA0BQ', 'brandedFare': 'BASICECON', 'class': 'E', 'includedCheckedBags': {'quantity': 0}}, {'segmentId': '97', 'cabin': 'ECONOMY', 'fareBasis': 'UAVOA0BQ', 'brandedFare': 'BASICECON', 'class': 'E', 'includedCheckedBags': {'quantity': 0}}]}]"
flight-offer,28,GDS,False,False,False,2020-12-04,7,"[{'duration': 'PT14H19M', 'segments': [{'departure': {'iataCode': 'AUS', 'at': '2021-02-06T07:00:00'}, 'arrival': {'iataCode': 'SFO', 'terminal': '2', 'at': '2021-02-06T08:50:00'}, 'carrierCode': 'AS', 'number': '1219', 'aircraft': {'code': '73H'}, 'operating': {'carrierCode': 'AS'}, 'duration': 'PT3H50M', 'id': '29', 'numberOfStops': 0, 'blacklistedInEU': False}, {'departure': {'iataCode': 'SFO', 'terminal': '2', 'at': '2021-02-06T13:30:00'}, 'arrival': {'iataCode': 'JFK', 'terminal': '7', 'at': '2021-02-06T22:19:00'}, 'carrierCode': 'AS', 'number': '1024', 'aircraft': {'code': '73J'}, 'operating': {'carrierCode': 'AS'}, 'duration': 'PT5H49M', 'id': '30', 'numberOfStops': 0, 'blacklistedInEU': False}]}]","{'currency': 'USD', 'total': '176.20', 'base': '156.00', 'fees': [{'amount': '0.00', 'type': 'SUPPLIER'}, {'amount': '0.00', 'type': 'TICKETING'}], 'grandTotal': '176.20'}","{'fareType': ['PUBLISHED'], 'includedCheckedBagsOnly': False}",['AS'],"[{'travelerId': '1', 'fareOption': 'STANDARD', 'travelerType': 'ADULT', 'price': {'currency': 'USD', 'total': '176.20', 'base': '156.00'}, 'fareDetailsBySegment': [{'segmentId': '29', 'cabin': 'ECONOMY', 'fareBasis': 'RH2OXUBN', 'brandedFare': 'SV', 'class': 'X', 'includedCheckedBags': {'quantity': 0}}, {'segmentId': '30', 'cabin': 'ECONOMY', 'fareBasis': 'RH4OAVBN', 'brandedFare': 'SV', 'class': 'X', 'includedCheckedBags': {'quantity': 0}}]}]"
flight-offer,29,GDS,False,False,False,2020-12-04,7,"[{'duration': 'PT14H50M', 'segments': [{'departure': {'iataCode': 'AUS', 'at': '2021-02-06T15:35:00'}, 'arrival': {'iataCode': 'SFO', 'terminal': '2', 'at': '2021-02-06T17:28:00'}, 'carrierCode': 'AS', 'number': '1221', 'aircraft': {'code': '320'}, 'operating': {'carrierCode': 'AS'}, 'duration': 'PT3H53M', 'id': '102', 'numberOfStops': 0, 'blacklistedInEU': False}, {'departure': {'iataCode': 'SFO', 'terminal': '2', 'at': '2021-02-06T22:35:00'}, 'arrival': {'iataCode': 'JFK', 'terminal': '7', 'at': '2021-02-07T07:25:00'}, 'carrierCode': 'AS', 'number': '254', 'aircraft': {'code': '73J'}, 'operating': {'carrierCode': 'AS'}, 'duration': 'PT5H50M', 'id': '103', 'numberOfStops': 0, 'blacklistedInEU': False}]}]","{'currency': 'USD', 'total': '176.20', 'base': '156.00', 'fees': [{'amount': '0.00', 'type': 'SUPPLIER'}, {'amount': '0.00', 'type': 'TICKETING'}], 'grandTotal': '176.20'}","{'fareType': ['PUBLISHED'], 'includedCheckedBagsOnly': False}",['AS'],"[{'travelerId': '1', 'fareOption': 'STANDARD', 'travelerType': 'ADULT', 'price': {'currency': 'USD', 'total': '176.20', 'base': '156.00'}, 'fareDetailsBySegment': [{'segmentId': '102', 'cabin': 'ECONOMY', 'fareBasis': 'RH2OXUBN', 'brandedFare': 'SV', 'class': 'X', 'includedCheckedBags': {'quantity': 0}}, {'segmentId': '103', 'cabin': 'ECONOMY', 'fareBasis': 'RH4OAVBN', 'brandedFare': 'SV', 'class': 'X', 'includedCheckedBags': {'quantity': 0}}]}]"
flight-offer,30,GDS,False,False,False,2020-12-04,7,"[{'duration': 'PT15H59M', 'segments': [{'departure': {'iataCode': 'AUS', 'at': '2021-02-06T07:00:00'}, 'arrival': {'iataCode': 'SFO', 'terminal': '2', 'at': '2021-02-06T08:50:00'}, 'carrierCode': 'AS', 'number': '1219', 'aircraft': {'code': '73H'}, 'operating': {'carrierCode': 'AS'}, 'duration': 'PT3H50M', 'id': '112', 'numberOfStops': 0, 'blacklistedInEU': False}, {'departure': {'iataCode': 'SFO', 'terminal': '2', 'at': '2021-02-06T15:10:00'}, 'arrival': {'iataCode': 'JFK', 'terminal': '7', 'at': '2021-02-06T23:59:00'}, 'carrierCode': 'AS', 'number': '326', 'aircraft': {'code': '321'}, 'operating': {'carrierCode': 'AS'}, 'duration': 'PT5H49M', 'id': '113', 'numberOfStops': 0, 'blacklistedInEU': False}]}]","{'currency': 'USD', 'total': '176.20', 'base': '156.00', 'fees': [{'amount': '0.00', 'type': 'SUPPLIER'}, {'amount': '0.00', 'type': 'TICKETING'}], 'grandTotal': '176.20'}","{'fareType': ['PUBLISHED'], 'includedCheckedBagsOnly': False}",['AS'],"[{'travelerId': '1', 'fareOption': 'STANDARD', 'travelerType': 'ADULT', 'price': {'currency': 'USD', 'total': '176.20', 'base': '156.00'}, 'fareDetailsBySegment': [{'segmentId': '112', 'cabin': 'ECONOMY', 'fareBasis': 'RH2OXUBN', 'brandedFare': 'SV', 'class': 'X', 'includedCheckedBags': {'quantity': 0}}, {'segmentId': '113', 'cabin': 'ECONOMY', 'fareBasis': 'RH4OAVBN', 'brandedFare': 'SV', 'class': 'X', 'includedCheckedBags': {'quantity': 0}}]}]"
flight-offer,31,GDS,False,False,False,2020-12-04,7,"[{'duration': 'PT23H25M', 'segments': [{'departure': {'iataCode': 'AUS', 'at': '2021-02-06T07:00:00'}, 'arrival': {'iataCode': 'SFO', 'terminal': '2', 'at': '2021-02-06T08:50:00'}, 'carrierCode': 'AS', 'number': '1219', 'aircraft': {'code': '73H'}, 'operating': {'carrierCode': 'AS'}, 'duration': 'PT3H50M', 'id': '51', 'numberOfStops': 0, 'blacklistedInEU': False}, {'departure': {'iataCode': 'SFO', 'terminal': '2', 'at': '2021-02-06T22:35:00'}, 'arrival': {'iataCode': 'JFK', 'terminal': '7', 'at': '2021-02-07T07:25:00'}, 'carrierCode': 'AS', 'number': '254', 'aircraft': {'code': '73J'}, 'operating': {'carrierCode': 'AS'}, 'duration': 'PT5H50M', 'id': '52', 'numberOfStops': 0, 'blacklistedInEU': False}]}]","{'currency': 'USD', 'total': '176.20', 'base': '156.00', 'fees': [{'amount': '0.00', 'type': 'SUPPLIER'}, {'amount': '0.00', 'type': 'TICKETING'}], 'grandTotal': '176.20'}","{'fareType': ['PUBLISHED'], 'includedCheckedBagsOnly': False}",['AS'],"[{'travelerId': '1', 'fareOption': 'STANDARD', 'travelerType': 'ADULT', 'price': {'currency': 'USD', 'total': '176.20', 'base': '156.00'}, 'fareDetailsBySegment': [{'segmentId': '51', 'cabin': 'ECONOMY', 'fareBasis': 'RH2OXUBN', 'brandedFare': 'SV', 'class': 'X', 'includedCheckedBags': {'quantity': 0}}, {'segmentId': '52', 'cabin': 'ECONOMY', 'fareBasis': 'RH4OAVBN', 'brandedFare': 'SV', 'class': 'X', 'includedCheckedBags': {'quantity': 0}}]}]"
flight-offer,32,GDS,False,False,False,2020-12-04,9,"[{'duration': 'PT10H54M', 'segments': [{'departure': {'iataCode': 'AUS', 'at': '2021-02-06T11:59:00'}, 'arrival': {'iataCode': 'ATL', 'terminal': 'S', 'at': '2021-02-06T15:17:00'}, 'carrierCode': 'DL', 'number': '1733', 'aircraft': {'code': '321'}, 'operating': {'carrierCode': 'DL'}, 'duration': 'PT2H18M', 'id': '110', 'numberOfStops': 0, 'blacklistedInEU': False}, {'departure': {'iataCode': 'ATL', 'terminal': 'S', 'at': '2021-02-06T21:37:00'}, 'arrival': {'iataCode': 'JFK', 'terminal': '4', 'at': '2021-02-06T23:53:00'}, 'carrierCode': 'DL', 'number': '2473', 'aircraft': {'code': '738'}, 'operating': {'carrierCode': 'DL'}, 'duration': 'PT2H16M', 'id': '111', 'numberOfStops': 0, 'blacklistedInEU': False}]}]","{'currency': 'USD', 'total': '191.20', 'base': '171.00', 'fees': [{'amount': '0.00', 'type': 'SUPPLIER'}, {'amount': '0.00', 'type': 'TICKETING'}], 'grandTotal': '191.20'}","{'fareType': ['PUBLISHED'], 'includedCheckedBagsOnly': False}",['DL'],"[{'travelerId': '1', 'fareOption': 'STANDARD', 'travelerType': 'ADULT', 'price': {'currency': 'USD', 'total': '191.20', 'base': '171.00'}, 'fareDetailsBySegment': [{'segmentId': '110', 'cabin': 'ECONOMY', 'fareBasis': 'TAVNA0BC', 'brandedFare': 'BASICECON', 'class': 'E', 'sliceDiceIndicator': 'LOCAL_AVAILABILITY', 'includedCheckedBags': {'quantity': 0}}, {'segmentId': '111', 'cabin': 'ECONOMY', 'fareBasis': 'VAVSJ0BD', 'brandedFare': 'BASICECON', 'class': 'E', 'sliceDiceIndicator': 'LOCAL_AVAILABILITY', 'includedCheckedBags': {'quantity': 0}}]}]"
flight-offer,33,GDS,False,False,False,2020-12-04,9,"[{'duration': 'PT14H53M', 'segments': [{'departure': {'iataCode': 'AUS', 'at': '2021-02-06T08:00:00'}, 'arrival': {'iataCode': 'ATL', 'terminal': 'S', 'at': '2021-02-06T11:14:00'}, 'carrierCode': 'DL', 'number': '1762', 'aircraft': {'code': '321'}, 'operating': {'carrierCode': 'DL'}, 'duration': 'PT2H14M', 'id': '106', 'numberOfStops': 0, 'blacklistedInEU': False}, {'departure': {'iataCode': 'ATL', 'terminal': 'S', 'at': '2021-02-06T21:37:00'}, 'arrival': {'iataCode': 'JFK', 'terminal': '4', 'at': '2021-02-06T23:53:00'}, 'carrierCode': 'DL', 'number': '2473', 'aircraft': {'code': '738'}, 'operating': {'carrierCode': 'DL'}, 'duration': 'PT2H16M', 'id': '107', 'numberOfStops': 0, 'blacklistedInEU': False}]}]","{'currency': 'USD', 'total': '191.20', 'base': '171.00', 'fees': [{'amount': '0.00', 'type': 'SUPPLIER'}, {'amount': '0.00', 'type': 'TICKETING'}], 'grandTotal': '191.20'}","{'fareType': ['PUBLISHED'], 'includedCheckedBagsOnly': False}",['DL'],"[{'travelerId': '1', 'fareOption': 'STANDARD', 'travelerType': 'ADULT', 'price': {'currency': 'USD', 'total': '191.20', 'base': '171.00'}, 'fareDetailsBySegment': [{'segmentId': '106', 'cabin': 'ECONOMY', 'fareBasis': 'TAVNA0BC', 'brandedFare': 'BASICECON', 'class': 'E', 'sliceDiceIndicator': 'LOCAL_AVAILABILITY', 'includedCheckedBags': {'quantity': 0}}, {'segmentId': '107', 'cabin': 'ECONOMY', 'fareBasis': 'VAVSJ0BD', 'brandedFare': 'BASICECON', 'class': 'E', 'sliceDiceIndicator': 'LOCAL_AVAILABILITY', 'includedCheckedBags': {'quantity': 0}}]}]"
flight-offer,34,GDS,False,False,False,2020-12-04,9,"[{'duration': 'PT17H13M', 'segments': [{'departure': {'iataCode': 'AUS', 'at': '2021-02-06T05:40:00'}, 'arrival': {'iataCode': 'ATL', 'terminal': 'S', 'at': '2021-02-06T08:51:00'}, 'carrierCode': 'DL', 'number': '482', 'aircraft': {'code': '321'}, 'operating': {'carrierCode': 'DL'}, 'duration': 'PT2H11M', 'id': '15', 'numberOfStops': 0, 'blacklistedInEU': False}, {'departure': {'iataCode': 'ATL', 'terminal': 'S', 'at': '2021-02-06T21:37:00'}, 'arrival': {'iataCode': 'JFK', 'terminal': '4', 'at': '2021-02-06T23:53:00'}, 'carrierCode': 'DL', 'number': '2473', 'aircraft': {'code': '738'}, 'operating': {'carrierCode': 'DL'}, 'duration': 'PT2H16M', 'id': '16', 'numberOfStops': 0, 'blacklistedInEU': False}]}]","{'currency': 'USD', 'total': '191.20', 'base': '171.00', 'fees': [{'amount': '0.00', 'type': 'SUPPLIER'}, {'amount': '0.00', 'type': 'TICKETING'}], 'grandTotal': '191.20'}","{'fareType': ['PUBLISHED'], 'includedCheckedBagsOnly': False}",['DL'],"[{'travelerId': '1', 'fareOption': 'STANDARD', 'travelerType': 'ADULT', 'price': {'currency': 'USD', 'total': '191.20', 'base': '171.00'}, 'fareDetailsBySegment': [{'segmentId': '15', 'cabin': 'ECONOMY', 'fareBasis': 'TAVNA0BC', 'brandedFare': 'BASICECON', 'class': 'E', 'sliceDiceIndicator': 'LOCAL_AVAILABILITY', 'includedCheckedBags': {'quantity': 0}}, {'segmentId': '16', 'cabin': 'ECONOMY', 'fareBasis': 'VAVSJ0BD', 'brandedFare': 'BASICECON', 'class': 'E', 'sliceDiceIndicator': 'LOCAL_AVAILABILITY', 'includedCheckedBags': {'quantity': 0}}]}]"
flight-offer,35,GDS,False,False,False,2020-12-04,7,"[{'duration': 'PT13H12M', 'segments': [{'departure': {'iataCode': 'AUS', 'at': '2021-02-06T09:41:00'}, 'arrival': {'iataCode': 'ATL', 'terminal': 'S', 'at': '2021-02-06T12:59:00'}, 'carrierCode': 'DL', 'number': '1694', 'aircraft': {'code': '321'}, 'operating': {'carrierCode': 'DL'}, 'duration': 'PT2H18M', 'id': '13', 'numberOfStops': 0, 'blacklistedInEU': False}, {'departure': {'iataCode': 'ATL', 'terminal': 'S', 'at': '2021-02-06T21:37:00'}, 'arrival': {'iataCode': 'JFK', 'terminal': '4', 'at': '2021-02-06T23:53:00'}, 'carrierCode': 'DL', 'number': '2473', 'aircraft': {'code': '738'}, 'operating': {'carrierCode': 'DL'}, 'duration': 'PT2H16M', 'id': '14', 'numberOfStops': 0, 'blacklistedInEU': False}]}]","{'currency': 'USD', 'total': '191.20', 'base': '171.00', 'fees': [{'amount': '0.00', 'type': 'SUPPLIER'}, {'amount': '0.00', 'type': 'TICKETING'}], 'grandTotal': '191.20'}","{'fareType': ['PUBLISHED'], 'includedCheckedBagsOnly': False}",['DL'],"[{'travelerId': '1', 'fareOption': 'STANDARD', 'travelerType': 'ADULT', 'price': {'currency': 'USD', 'total': '191.20', 'base': '171.00'}, 'fareDetailsBySegment': [{'segmentId': '13', 'cabin': 'ECONOMY', 'fareBasis': 'TAVNA0BC', 'brandedFare': 'BASICECON', 'class': 'E', 'sliceDiceIndicator': 'LOCAL_AVAILABILITY', 'includedCheckedBags': {'quantity': 0}}, {'segmentId': '14', 'cabin': 'ECONOMY', 'fareBasis': 'VAVSJ0BD', 'brandedFare': 'BASICECON', 'class': 'E', 'sliceDiceIndicator': 'LOCAL_AVAILABILITY', 'includedCheckedBags': {'quantity': 0}}]}]"
flight-offer,36,GDS,False,False,False,2020-12-04,9,"[{'duration': 'PT6H14M', 'segments': [{'departure': {'iataCode': 'AUS', 'at': '2021-02-06T07:15:00'}, 'arrival': {'iataCode': 'BOS', 'terminal': 'C', 'at': '2021-02-06T11:57:00'}, 'carrierCode': 'B6', 'number': '338', 'aircraft': {'code': '320'}, 'operating': {'carrierCode': 'B6'}, 'duration': 'PT3H42M', 'id': '17', 'numberOfStops': 0, 'blacklistedInEU': False}, {'departure': {'iataCode': 'BOS', 'terminal': 'C', 'at': '2021-02-06T13:13:00'}, 'arrival': {'iataCode': 'JFK', 'terminal': '5', 'at': '2021-02-06T14:29:00'}, 'carrierCode': 'B6', 'number': '2317', 'aircraft': {'code': 'E90'}, 'operating': {'carrierCode': 'B6'}, 'duration': 'PT1H16M', 'id': '18', 'numberOfStops': 0, 'blacklistedInEU': False}]}]","{'currency': 'USD', 'total': '196.61', 'base': '182.01', 'fees': [{'amount': '0.00', 'type': 'SUPPLIER'}, {'amount': '0.00', 'type': 'TICKETING'}], 'grandTotal': '196.61'}","{'fareType': ['PUBLISHED'], 'includedCheckedBagsOnly': False}",['B6'],"[{'travelerId': '1', 'fareOption': 'STANDARD', 'travelerType': 'ADULT', 'price': {'currency': 'USD', 'total': '196.61', 'base': '182.01'}, 'fareDetailsBySegment': [{'segmentId': '17', 'cabin': 'ECONOMY', 'fareBasis': 'PC2AUEL1', 'brandedFare': 'DN', 'class': 'L', 'includedCheckedBags': {'quantity': 0}}, {'segmentId': '18', 'cabin': 'ECONOMY', 'fareBasis': 'PC2AUEL1', 'brandedFare': 'DN', 'class': 'L', 'includedCheckedBags': {'quantity': 0}}]}]"
flight-offer,37,GDS,False,False,False,2020-12-04,9,"[{'duration': 'PT9H50M', 'segments': [{'departure': {'iataCode': 'AUS', 'at': '2021-02-06T07:15:00'}, 'arrival': {'iataCode': 'BOS', 'terminal': 'C', 'at': '2021-02-06T11:57:00'}, 'carrierCode': 'B6', 'number': '338', 'aircraft': {'code': '320'}, 'operating': {'carrierCode': 'B6'}, 'duration': 'PT3H42M', 'id': '100', 'numberOfStops': 0, 'blacklistedInEU': False}, {'departure': {'iataCode': 'BOS', 'terminal': 'C', 'at': '2021-02-06T16:45:00'}, 'arrival': {'iataCode': 'JFK', 'terminal': '5', 'at': '2021-02-06T18:05:00'}, 'carrierCode': 'B6', 'number': '317', 'aircraft': {'code': 'E90'}, 'operating': {'carrierCode': 'B6'}, 'duration': 'PT1H20M', 'id': '101', 'numberOfStops': 0, 'blacklistedInEU': False}]}]","{'currency': 'USD', 'total': '202.21', 'base': '182.01', 'fees': [{'amount': '0.00', 'type': 'SUPPLIER'}, {'amount': '0.00', 'type': 'TICKETING'}], 'grandTotal': '202.21'}","{'fareType': ['PUBLISHED'], 'includedCheckedBagsOnly': False}",['B6'],"[{'travelerId': '1', 'fareOption': 'STANDARD', 'travelerType': 'ADULT', 'price': {'currency': 'USD', 'total': '202.21', 'base': '182.01'}, 'fareDetailsBySegment': [{'segmentId': '100', 'cabin': 'ECONOMY', 'fareBasis': 'PC2AUEL1', 'brandedFare': 'DN', 'class': 'L', 'includedCheckedBags': {'quantity': 0}}, {'segmentId': '101', 'cabin': 'ECONOMY', 'fareBasis': 'PC2AUEL1', 'brandedFare': 'DN', 'class': 'L', 'includedCheckedBags': {'quantity': 0}}]}]"
flight-offer,38,GDS,False,False,False,2020-12-04,9,"[{'duration': 'PT15H5M', 'segments': [{'departure': {'iataCode': 'AUS', 'at': '2021-02-06T18:45:00'}, 'arrival': {'iataCode': 'MSP', 'terminal': '1', 'at': '2021-02-06T21:26:00'}, 'carrierCode': 'DL', 'number': '814', 'aircraft': {'code': '319'}, 'operating': {'carrierCode': 'DL'}, 'duration': 'PT2H41M', 'id': '5', 'numberOfStops': 0, 'blacklistedInEU': False}, {'departure': {'iataCode': 'MSP', 'terminal': '1', 'at': '2021-02-07T07:00:00'}, 'arrival': {'iataCode': 'JFK', 'terminal': '4', 'at': '2021-02-07T10:50:00'}, 'carrierCode': 'DL', 'number': '1325', 'aircraft': {'code': '717'}, 'operating': {'carrierCode': 'DL'}, 'duration': 'PT2H50M', 'id': '6', 'numberOfStops': 0, 'blacklistedInEU': False}]}]","{'currency': 'USD', 'total': '206.20', 'base': '186.00', 'fees': [{'amount': '0.00', 'type': 'SUPPLIER'}, {'amount': '0.00', 'type': 'TICKETING'}], 'grandTotal': '206.20'}","{'fareType': ['PUBLISHED'], 'includedCheckedBagsOnly': False}",['DL'],"[{'travelerId': '1', 'fareOption': 'STANDARD', 'travelerType': 'ADULT', 'price': {'currency': 'USD', 'total': '206.20', 'base': '186.00'}, 'fareDetailsBySegment': [{'segmentId': '5', 'cabin': 'ECONOMY', 'fareBasis': 'XAVQA0BC', 'brandedFare': 'BASICECON', 'class': 'E', 'sliceDiceIndicator': 'LOCAL_AVAILABILITY', 'includedCheckedBags': {'quantity': 0}}, {'segmentId': '6', 'cabin': 'ECONOMY', 'fareBasis': 'XAVQA0BQ', 'brandedFare': 'BASICECON', 'class': 'E', 'sliceDiceIndicator': 'LOCAL_AVAILABILITY', 'includedCheckedBags': {'quantity': 0}}]}]"
flight-offer,39,GDS,False,False,False,2020-12-04,9,"[{'duration': 'PT16H36M', 'segments': [{'departure': {'iataCode': 'AUS', 'at': '2021-02-06T06:25:00'}, 'arrival': {'iataCode': 'MSP', 'terminal': '1', 'at': '2021-02-06T09:07:00'}, 'carrierCode': 'DL', 'number': '1697', 'aircraft': {'code': '319'}, 'operating': {'carrierCode': 'DL'}, 'duration': 'PT2H42M', 'id': '75', 'numberOfStops': 0, 'blacklistedInEU': False}, {'departure': {'iataCode': 'MSP', 'terminal': '1', 'at': '2021-02-06T20:15:00'}, 'arrival': {'iataCode': 'JFK', 'terminal': '4', 'at': '2021-02-07T00:01:00'}, 'carrierCode': 'DL', 'number': '1335', 'aircraft': {'code': '221'}, 'operating': {'carrierCode': 'DL'}, 'duration': 'PT2H46M', 'id': '76', 'numberOfStops': 0, 'blacklistedInEU': False}]}]","{'currency': 'USD', 'total': '206.20', 'base': '186.00', 'fees': [{'amount': '0.00', 'type': 'SUPPLIER'}, {'amount': '0.00', 'type': 'TICKETING'}], 'grandTotal': '206.20'}","{'fareType': ['PUBLISHED'], 'includedCheckedBagsOnly': False}",['DL'],"[{'travelerId': '1', 'fareOption': 'STANDARD', 'travelerType': 'ADULT', 'price': {'currency': 'USD', 'total': '206.20', 'base': '186.00'}, 'fareDetailsBySegment': [{'segmentId': '75', 'cabin': 'ECONOMY', 'fareBasis': 'XAVQA0BC', 'brandedFare': 'BASICECON', 'class': 'E', 'sliceDiceIndicator': 'LOCAL_AVAILABILITY', 'includedCheckedBags': {'quantity': 0}}, {'segmentId': '76', 'cabin': 'ECONOMY', 'fareBasis': 'XAVQA0BQ', 'brandedFare': 'BASICECON', 'class': 'E', 'sliceDiceIndicator': 'LOCAL_AVAILABILITY', 'includedCheckedBags': {'quantity': 0}}]}]"
flight-offer,40,GDS,False,False,False,2020-12-04,9,"[{'duration': 'PT18H5M', 'segments': [{'departure': {'iataCode': 'AUS', 'at': '2021-02-06T18:45:00'}, 'arrival': {'iataCode': 'MSP', 'terminal': '1', 'at': '2021-02-06T21:26:00'}, 'carrierCode': 'DL', 'number': '814', 'aircraft': {'code': '319'}, 'operating': {'carrierCode': 'DL'}, 'duration': 'PT2H41M', 'id': '7', 'numberOfStops': 0, 'blacklistedInEU': False}, {'departure': {'iataCode': 'MSP', 'terminal': '1', 'at': '2021-02-07T10:08:00'}, 'arrival': {'iataCode': 'JFK', 'terminal': '4', 'at': '2021-02-07T13:50:00'}, 'carrierCode': 'DL', 'number': '1423', 'aircraft': {'code': '221'}, 'operating': {'carrierCode': 'DL'}, 'duration': 'PT2H42M', 'id': '8', 'numberOfStops': 0, 'blacklistedInEU': False}]}]","{'currency': 'USD', 'total': '206.20', 'base': '186.00', 'fees': [{'amount': '0.00', 'type': 'SUPPLIER'}, {'amount': '0.00', 'type': 'TICKETING'}], 'grandTotal': '206.20'}","{'fareType': ['PUBLISHED'], 'includedCheckedBagsOnly': False}",['DL'],"[{'travelerId': '1', 'fareOption': 'STANDARD', 'travelerType': 'ADULT', 'price': {'currency': 'USD', 'total': '206.20', 'base': '186.00'}, 'fareDetailsBySegment': [{'segmentId': '7', 'cabin': 'ECONOMY', 'fareBasis': 'XAVQA0BC', 'brandedFare': 'BASICECON', 'class': 'E', 'sliceDiceIndicator': 'LOCAL_AVAILABILITY', 'includedCheckedBags': {'quantity': 0}}, {'segmentId': '8', 'cabin': 'ECONOMY', 'fareBasis': 'XAVQA0BQ', 'brandedFare': 'BASICECON', 'class': 'E', 'sliceDiceIndicator': 'LOCAL_AVAILABILITY', 'includedCheckedBags': {'quantity': 0}}]}]"
flight-offer,41,GDS,False,False,False,2020-12-04,9,"[{'duration': 'PT27H25M', 'segments': [{'departure': {'iataCode': 'AUS', 'at': '2021-02-06T06:25:00'}, 'arrival': {'iataCode': 'MSP', 'terminal': '1', 'at': '2021-02-06T09:07:00'}, 'carrierCode': 'DL', 'number': '1697', 'aircraft': {'code': '319'}, 'operating': {'carrierCode': 'DL'}, 'duration': 'PT2H42M', 'id': '53', 'numberOfStops': 0, 'blacklistedInEU': False}, {'departure': {'iataCode': 'MSP', 'terminal': '1', 'at': '2021-02-07T07:00:00'}, 'arrival': {'iataCode': 'JFK', 'terminal': '4', 'at': '2021-02-07T10:50:00'}, 'carrierCode': 'DL', 'number': '1325', 'aircraft': {'code': '717'}, 'operating': {'carrierCode': 'DL'}, 'duration': 'PT2H50M', 'id': '54', 'numberOfStops': 0, 'blacklistedInEU': False}]}]","{'currency': 'USD', 'total': '206.20', 'base': '186.00', 'fees': [{'amount': '0.00', 'type': 'SUPPLIER'}, {'amount': '0.00', 'type': 'TICKETING'}], 'grandTotal': '206.20'}","{'fareType': ['PUBLISHED'], 'includedCheckedBagsOnly': False}",['DL'],"[{'travelerId': '1', 'fareOption': 'STANDARD', 'travelerType': 'ADULT', 'price': {'currency': 'USD', 'total': '206.20', 'base': '186.00'}, 'fareDetailsBySegment': [{'segmentId': '53', 'cabin': 'ECONOMY', 'fareBasis': 'XAVQA0BC', 'brandedFare': 'BASICECON', 'class': 'E', 'sliceDiceIndicator': 'LOCAL_AVAILABILITY', 'includedCheckedBags': {'quantity': 0}}, {'segmentId': '54', 'cabin': 'ECONOMY', 'fareBasis': 'XAVQA0BQ', 'brandedFare': 'BASICECON', 'class': 'E', 'sliceDiceIndicator': 'LOCAL_AVAILABILITY', 'includedCheckedBags': {'quantity': 0}}]}]"
flight-offer,42,GDS,False,False,False,2020-12-04,9,"[{'duration': 'PT8H12M', 'segments': [{'departure': {'iataCode': 'AUS', 'at': '2021-02-06T08:10:00'}, 'arrival': {'iataCode': 'SLC', 'at': '2021-02-06T10:09:00'}, 'carrierCode': 'DL', 'number': '711', 'aircraft': {'code': '319'}, 'operating': {'carrierCode': 'DL'}, 'duration': 'PT2H59M', 'id': '11', 'numberOfStops': 0, 'blacklistedInEU': False}, {'departure': {'iataCode': 'SLC', 'at': '2021-02-06T11:00:00'}, 'arrival': {'iataCode': 'JFK', 'terminal': '4', 'at': '2021-02-06T17:22:00'}, 'carrierCode': 'DL', 'number': '809', 'aircraft': {'code': '739'}, 'operating': {'carrierCode': 'DL'}, 'duration': 'PT4H22M', 'id': '12', 'numberOfStops': 0, 'blacklistedInEU': False}]}]","{'currency': 'USD', 'total': '282.60', 'base': '268.00', 'fees': [{'amount': '0.00', 'type': 'SUPPLIER'}, {'amount': '0.00', 'type': 'TICKETING'}], 'grandTotal': '282.60'}","{'fareType': ['PUBLISHED'], 'includedCheckedBagsOnly': False}",['DL'],"[{'travelerId': '1', 'fareOption': 'STANDARD', 'travelerType': 'ADULT', 'price': {'currency': 'USD', 'total': '282.60', 'base': '268.00'}, 'fareDetailsBySegment': [{'segmentId': '11', 'cabin': 'ECONOMY', 'fareBasis': 'KAUOA0MQ', 'brandedFare': 'MAINCABIN', 'class': 'K', 'includedCheckedBags': {'quantity': 0}}, {'segmentId': '12', 'cabin': 'ECONOMY', 'fareBasis': 'KAUOA0MQ', 'brandedFare': 'MAINCABIN', 'class': 'K', 'includedCheckedBags': {'quantity': 0}}]}]"
flight-offer,43,GDS,False,False,False,2020-12-04,9,"[{'duration': 'PT8H35M', 'segments': [{'departure': {'iataCode': 'AUS', 'at': '2021-02-06T14:15:00'}, 'arrival': {'iataCode': 'SLC', 'at': '2021-02-06T16:07:00'}, 'carrierCode': 'DL', 'number': '1747', 'aircraft': {'code': '319'}, 'operating': {'carrierCode': 'DL'}, 'duration': 'PT2H52M', 'id': '73', 'numberOfStops': 0, 'blacklistedInEU': False}, {'departure': {'iataCode': 'SLC', 'at': '2021-02-06T17:29:00'}, 'arrival': {'iataCode': 'JFK', 'terminal': '4', 'at': '2021-02-06T23:50:00'}, 'carrierCode': 'DL', 'number': '822', 'aircraft': {'code': '739'}, 'operating': {'carrierCode': 'DL'}, 'duration': 'PT4H21M', 'id': '74', 'numberOfStops': 0, 'blacklistedInEU': False}]}]","{'currency': 'USD', 'total': '282.60', 'base': '268.00', 'fees': [{'amount': '0.00', 'type': 'SUPPLIER'}, {'amount': '0.00', 'type': 'TICKETING'}], 'grandTotal': '282.60'}","{'fareType': ['PUBLISHED'], 'includedCheckedBagsOnly': False}",['DL'],"[{'travelerId': '1', 'fareOption': 'STANDARD', 'travelerType': 'ADULT', 'price': {'currency': 'USD', 'total': '282.60', 'base': '268.00'}, 'fareDetailsBySegment': [{'segmentId': '73', 'cabin': 'ECONOMY', 'fareBasis': 'KAUOA0MQ', 'brandedFare': 'MAINCABIN', 'class': 'K', 'includedCheckedBags': {'quantity': 0}}, {'segmentId': '74', 'cabin': 'ECONOMY', 'fareBasis': 'KAUOA0MQ', 'brandedFare': 'MAINCABIN', 'class': 'K', 'includedCheckedBags': {'quantity': 0}}]}]"
flight-offer,44,GDS,False,False,False,2020-12-04,7,"[{'duration': 'PT8H22M', 'segments': [{'departure': {'iataCode': 'AUS', 'at': '2021-02-06T12:59:00'}, 'arrival': {'iataCode': 'DTW', 'terminal': 'EM', 'at': '2021-02-06T16:45:00'}, 'carrierCode': 'DL', 'number': '563', 'aircraft': {'code': '319'}, 'operating': {'carrierCode': 'DL'}, 'duration': 'PT2H46M', 'id': '39', 'numberOfStops': 0, 'blacklistedInEU': False}, {'departure': {'iataCode': 'DTW', 'terminal': 'EM', 'at': '2021-02-06T20:23:00'}, 'arrival': {'iataCode': 'JFK', 'terminal': '4', 'at': '2021-02-06T22:21:00'}, 'carrierCode': 'DL', 'number': '4899', 'aircraft': {'code': 'CR9'}, 'duration': 'PT1H58M', 'id': '40', 'numberOfStops': 0, 'blacklistedInEU': False}]}]","{'currency': 'USD', 'total': '282.60', 'base': '268.00', 'fees': [{'amount': '0.00', 'type': 'SUPPLIER'}, {'amount': '0.00', 'type': 'TICKETING'}], 'grandTotal': '282.60'}","{'fareType': ['PUBLISHED'], 'includedCheckedBagsOnly': False}",['DL'],"[{'travelerId': '1', 'fareOption': 'STANDARD', 'travelerType': 'ADULT', 'price': {'currency': 'USD', 'total': '282.60', 'base': '268.00'}, 'fareDetailsBySegment': [{'segmentId': '39', 'cabin': 'ECONOMY', 'fareBasis': 'KAUOA0MQ', 'brandedFare': 'MAINCABIN', 'class': 'K', 'includedCheckedBags': {'quantity': 0}}, {'segmentId': '40', 'cabin': 'ECONOMY', 'fareBasis': 'KAUOA0MQ', 'brandedFare': 'MAINCABIN', 'class': 'K', 'includedCheckedBags': {'quantity': 0}}]}]"
flight-offer,45,GDS,False,False,False,2020-12-04,2,"[{'duration': 'PT5H47M', 'segments': [{'departure': {'iataCode': 'AUS', 'at': '2021-02-06T15:30:00'}, 'arrival': {'iataCode': 'ATL', 'terminal': 'S', 'at': '2021-02-06T18:53:00'}, 'carrierCode': 'DL', 'number': '1718', 'aircraft': {'code': '321'}, 'operating': {'carrierCode': 'DL'}, 'duration': 'PT2H23M', 'id': '88', 'numberOfStops': 0, 'blacklistedInEU': False}, {'departure': {'iataCode': 'ATL', 'terminal': 'S', 'at': '2021-02-06T19:58:00'}, 'arrival': {'iataCode': 'JFK', 'terminal': '4', 'at': '2021-02-06T22:17:00'}, 'carrierCode': 'DL', 'number': '2185', 'aircraft': {'code': '739'}, 'operating': {'carrierCode': 'DL'}, 'duration': 'PT2H19M', 'id': '89', 'numberOfStops': 0, 'blacklistedInEU': False}]}]","{'currency': 'USD', 'total': '332.60', 'base': '318.00', 'fees': [{'amount': '0.00', 'type': 'SUPPLIER'}, {'amount': '0.00', 'type': 'TICKETING'}], 'grandTotal': '332.60'}","{'fareType': ['PUBLISHED'], 'includedCheckedBagsOnly': False}",['DL'],"[{'travelerId': '1', 'fareOption': 'STANDARD', 'travelerType': 'ADULT', 'price': {'currency': 'USD', 'total': '332.60', 'base': '318.00'}, 'fareDetailsBySegment': [{'segmentId': '88', 'cabin': 'ECONOMY', 'fareBasis': 'QAURA0MQ', 'brandedFare': 'MAINCABIN', 'class': 'Q', 'includedCheckedBags': {'quantity': 0}}, {'segmentId': '89', 'cabin': 'ECONOMY', 'fareBasis': 'QAURA0MQ', 'brandedFare': 'MAINCABIN', 'class': 'Q', 'includedCheckedBags': {'quantity': 0}}]}]"
flight-offer,46,GDS,False,False,False,2020-12-04,2,"[{'duration': 'PT7H47M', 'segments': [{'departure': {'iataCode': 'AUS', 'at': '2021-02-06T13:30:00'}, 'arrival': {'iataCode': 'ATL', 'terminal': 'S', 'at': '2021-02-06T16:49:00'}, 'carrierCode': 'DL', 'number': '1726', 'aircraft': {'code': '321'}, 'operating': {'carrierCode': 'DL'}, 'duration': 'PT2H19M', 'id': '92', 'numberOfStops': 0, 'blacklistedInEU': False}, {'departure': {'iataCode': 'ATL', 'terminal': 'S', 'at': '2021-02-06T19:58:00'}, 'arrival': {'iataCode': 'JFK', 'terminal': '4', 'at': '2021-02-06T22:17:00'}, 'carrierCode': 'DL', 'number': '2185', 'aircraft': {'code': '739'}, 'operating': {'carrierCode': 'DL'}, 'duration': 'PT2H19M', 'id': '93', 'numberOfStops': 0, 'blacklistedInEU': False}]}]","{'currency': 'USD', 'total': '332.60', 'base': '318.00', 'fees': [{'amount': '0.00', 'type': 'SUPPLIER'}, {'amount': '0.00', 'type': 'TICKETING'}], 'grandTotal': '332.60'}","{'fareType': ['PUBLISHED'], 'includedCheckedBagsOnly': False}",['DL'],"[{'travelerId': '1', 'fareOption': 'STANDARD', 'travelerType': 'ADULT', 'price': {'currency': 'USD', 'total': '332.60', 'base': '318.00'}, 'fareDetailsBySegment': [{'segmentId': '92', 'cabin': 'ECONOMY', 'fareBasis': 'QAURA0MQ', 'brandedFare': 'MAINCABIN', 'class': 'Q', 'includedCheckedBags': {'quantity': 0}}, {'segmentId': '93', 'cabin': 'ECONOMY', 'fareBasis': 'QAURA0MQ', 'brandedFare': 'MAINCABIN', 'class': 'Q', 'includedCheckedBags': {'quantity': 0}}]}]"
flight-offer,47,GDS,False,False,False,2020-12-04,2,"[{'duration': 'PT9H18M', 'segments': [{'departure': {'iataCode': 'AUS', 'at': '2021-02-06T11:59:00'}, 'arrival': {'iataCode': 'ATL', 'terminal': 'S', 'at': '2021-02-06T15:17:00'}, 'carrierCode': 'DL', 'number': '1733', 'aircraft': {'code': '321'}, 'operating': {'carrierCode': 'DL'}, 'duration': 'PT2H18M', 'id': '27', 'numberOfStops': 0, 'blacklistedInEU': False}, {'departure': {'iataCode': 'ATL', 'terminal': 'S', 'at': '2021-02-06T19:58:00'}, 'arrival': {'iataCode': 'JFK', 'terminal': '4', 'at': '2021-02-06T22:17:00'}, 'carrierCode': 'DL', 'number': '2185', 'aircraft': {'code': '739'}, 'operating': {'carrierCode': 'DL'}, 'duration': 'PT2H19M', 'id': '28', 'numberOfStops': 0, 'blacklistedInEU': False}]}]","{'currency': 'USD', 'total': '338.20', 'base': '318.00', 'fees': [{'amount': '0.00', 'type': 'SUPPLIER'}, {'amount': '0.00', 'type': 'TICKETING'}], 'grandTotal': '338.20'}","{'fareType': ['PUBLISHED'], 'includedCheckedBagsOnly': False}",['DL'],"[{'travelerId': '1', 'fareOption': 'STANDARD', 'travelerType': 'ADULT', 'price': {'currency': 'USD', 'total': '338.20', 'base': '318.00'}, 'fareDetailsBySegment': [{'segmentId': '27', 'cabin': 'ECONOMY', 'fareBasis': 'QAURA0MQ', 'brandedFare': 'MAINCABIN', 'class': 'Q', 'includedCheckedBags': {'quantity': 0}}, {'segmentId': '28', 'cabin': 'ECONOMY', 'fareBasis': 'QAURA0MQ', 'brandedFare': 'MAINCABIN', 'class': 'Q', 'includedCheckedBags': {'quantity': 0}}]}]"
flight-offer,48,GDS,False,False,False,2020-12-04,9,"[{'duration': 'PT5H30M', 'segments': [{'departure': {'iataCode': 'AUS', 'at': '2021-02-06T16:00:00'}, 'arrival': {'iataCode': 'IAH', 'terminal': 'C', 'at': '2021-02-06T16:59:00'}, 'carrierCode': 'UA', 'number': '281', 'aircraft': {'code': '320'}, 'operating': {'carrierCode': 'UA'}, 'duration': 'PT59M', 'id': '57', 'numberOfStops': 0, 'blacklistedInEU': False}, {'departure': {'iataCode': 'IAH', 'terminal': 'A', 'at': '2021-02-06T18:00:00'}, 'arrival': {'iataCode': 'JFK', 'terminal': '4', 'at': '2021-02-06T22:30:00'}, 'carrierCode': 'DL', 'number': '1060', 'aircraft': {'code': '221'}, 'operating': {'carrierCode': 'DL'}, 'duration': 'PT3H30M', 'id': '58', 'numberOfStops': 0, 'blacklistedInEU': False}]}]","{'currency': 'USD', 'total': '435.60', 'base': '421.00', 'fees': [{'amount': '0.00', 'type': 'SUPPLIER'}, {'amount': '0.00', 'type': 'TICKETING'}], 'grandTotal': '435.60'}","{'fareType': ['PUBLISHED'], 'includedCheckedBagsOnly': False}",['UA'],"[{'travelerId': '1', 'fareOption': 'STANDARD', 'travelerType': 'ADULT', 'price': {'currency': 'USD', 'total': '435.60', 'base': '421.00'}, 'fareDetailsBySegment': [{'segmentId': '57', 'cabin': 'ECONOMY', 'fareBasis': 'QAA7AKEN', 'class': 'Q', 'includedCheckedBags': {'quantity': 0}}, {'segmentId': '58', 'cabin': 'ECONOMY', 'fareBasis': 'KAUOA0MQ', 'class': 'K', 'includedCheckedBags': {'quantity': 0}}]}]"
flight-offer,49,GDS,False,False,False,2020-12-04,9,"[{'duration': 'PT6H51M', 'segments': [{'departure': {'iataCode': 'AUS', 'at': '2021-02-06T07:50:00'}, 'arrival': {'iataCode': 'IAH', 'terminal': 'B', 'at': '2021-02-06T08:53:00'}, 'carrierCode': 'UA', 'number': '6355', 'aircraft': {'code': 'E7W'}, 'duration': 'PT1H3M', 'id': '104', 'numberOfStops': 0, 'blacklistedInEU': False}, {'departure': {'iataCode': 'IAH', 'terminal': 'A', 'at': '2021-02-06T11:22:00'}, 'arrival': {'iataCode': 'JFK', 'terminal': '4', 'at': '2021-02-06T15:41:00'}, 'carrierCode': 'DL', 'number': '656', 'aircraft': {'code': '221'}, 'operating': {'carrierCode': 'DL'}, 'duration': 'PT3H19M', 'id': '105', 'numberOfStops': 0, 'blacklistedInEU': False}]}]","{'currency': 'USD', 'total': '435.60', 'base': '421.00', 'fees': [{'amount': '0.00', 'type': 'SUPPLIER'}, {'amount': '0.00', 'type': 'TICKETING'}], 'grandTotal': '435.60'}","{'fareType': ['PUBLISHED'], 'includedCheckedBagsOnly': False}",['UA'],"[{'travelerId': '1', 'fareOption': 'STANDARD', 'travelerType': 'ADULT', 'price': {'currency': 'USD', 'total': '435.60', 'base': '421.00'}, 'fareDetailsBySegment': [{'segmentId': '104', 'cabin': 'ECONOMY', 'fareBasis': 'QAA7AKEN', 'class': 'Q', 'includedCheckedBags': {'quantity': 0}}, {'segmentId': '105', 'cabin': 'ECONOMY', 'fareBasis': 'KAUOA0MQ', 'class': 'K', 'includedCheckedBags': {'quantity': 0}}]}]"
flight-offer,50,GDS,False,False,False,2020-12-04,9,"[{'duration': 'PT7H15M', 'segments': [{'departure': {'iataCode': 'AUS', 'at': '2021-02-06T14:15:00'}, 'arrival': {'iataCode': 'IAH', 'terminal': 'C', 'at': '2021-02-06T15:14:00'}, 'carrierCode': 'UA', 'number': '216', 'aircraft': {'code': '738'}, 'operating': {'carrierCode': 'UA'}, 'duration': 'PT59M', 'id': '21', 'numberOfStops': 0, 'blacklistedInEU': False}, {'departure': {'iataCode': 'IAH', 'terminal': 'A', 'at': '2021-02-06T18:00:00'}, 'arrival': {'iataCode': 'JFK', 'terminal': '4', 'at': '2021-02-06T22:30:00'}, 'carrierCode': 'DL', 'number': '1060', 'aircraft': {'code': '221'}, 'operating': {'carrierCode': 'DL'}, 'duration': 'PT3H30M', 'id': '22', 'numberOfStops': 0, 'blacklistedInEU': False}]}]","{'currency': 'USD', 'total': '435.60', 'base': '421.00', 'fees': [{'amount': '0.00', 'type': 'SUPPLIER'}, {'amount': '0.00', 'type': 'TICKETING'}], 'grandTotal': '435.60'}","{'fareType': ['PUBLISHED'], 'includedCheckedBagsOnly': False}",['UA'],"[{'travelerId': '1', 'fareOption': 'STANDARD', 'travelerType': 'ADULT', 'price': {'currency': 'USD', 'total': '435.60', 'base': '421.00'}, 'fareDetailsBySegment': [{'segmentId': '21', 'cabin': 'ECONOMY', 'fareBasis': 'QAA7AKEN', 'class': 'Q', 'includedCheckedBags': {'quantity': 0}}, {'segmentId': '22', 'cabin': 'ECONOMY', 'fareBasis': 'KAUOA0MQ', 'class': 'K', 'includedCheckedBags': {'quantity': 0}}]}]"
flight-offer,51,GDS,False,False,False,2020-12-04,9,"[{'duration': 'PT7H26M', 'segments': [{'departure': {'iataCode': 'AUS', 'at': '2021-02-06T07:15:00'}, 'arrival': {'iataCode': 'IAH', 'terminal': 'C', 'at': '2021-02-06T08:14:00'}, 'carrierCode': 'UA', 'number': '2040', 'aircraft': {'code': '738'}, 'operating': {'carrierCode': 'UA'}, 'duration': 'PT59M', 'id': '55', 'numberOfStops': 0, 'blacklistedInEU': False}, {'departure': {'iataCode': 'IAH', 'terminal': 'A', 'at': '2021-02-06T11:22:00'}, 'arrival': {'iataCode': 'JFK', 'terminal': '4', 'at': '2021-02-06T15:41:00'}, 'carrierCode': 'DL', 'number': '656', 'aircraft': {'code': '221'}, 'operating': {'carrierCode': 'DL'}, 'duration': 'PT3H19M', 'id': '56', 'numberOfStops': 0, 'blacklistedInEU': False}]}]","{'currency': 'USD', 'total': '435.60', 'base': '421.00', 'fees': [{'amount': '0.00', 'type': 'SUPPLIER'}, {'amount': '0.00', 'type': 'TICKETING'}], 'grandTotal': '435.60'}","{'fareType': ['PUBLISHED'], 'includedCheckedBagsOnly': False}",['UA'],"[{'travelerId': '1', 'fareOption': 'STANDARD', 'travelerType': 'ADULT', 'price': {'currency': 'USD', 'total': '435.60', 'base': '421.00'}, 'fareDetailsBySegment': [{'segmentId': '55', 'cabin': 'ECONOMY', 'fareBasis': 'QAA7AKEN', 'class': 'Q', 'includedCheckedBags': {'quantity': 0}}, {'segmentId': '56', 'cabin': 'ECONOMY', 'fareBasis': 'KAUOA0MQ', 'class': 'K', 'includedCheckedBags': {'quantity': 0}}]}]"
flight-offer,52,GDS,False,False,False,2020-12-04,9,"[{'duration': 'PT12H45M', 'segments': [{'departure': {'iataCode': 'AUS', 'at': '2021-02-06T10:08:00'}, 'arrival': {'iataCode': 'ATL', 'terminal': 'N', 'at': '2021-02-06T18:48:00'}, 'carrierCode': 'UA', 'number': '3611', 'aircraft': {'code': 'E70'}, 'duration': 'PT7H40M', 'stops': [{'iataCode': 'ORD', 'duration': 'PT2H30M', 'arrivalAt': '2021-02-06T13:05:00', 'departureAt': '2021-02-06T15:35:00'}], 'id': '82', 'numberOfStops': 1, 'blacklistedInEU': False}, {'departure': {'iataCode': 'ATL', 'terminal': 'S', 'at': '2021-02-06T21:37:00'}, 'arrival': {'iataCode': 'JFK', 'terminal': '4', 'at': '2021-02-06T23:53:00'}, 'carrierCode': 'DL', 'number': '2473', 'aircraft': {'code': '738'}, 'operating': {'carrierCode': 'DL'}, 'duration': 'PT2H16M', 'id': '83', 'numberOfStops': 0, 'blacklistedInEU': False}]}]","{'currency': 'USD', 'total': '485.60', 'base': '471.00', 'fees': [{'amount': '0.00', 'type': 'SUPPLIER'}, {'amount': '0.00', 'type': 'TICKETING'}], 'grandTotal': '485.60'}","{'fareType': ['PUBLISHED'], 'includedCheckedBagsOnly': False}",['UA'],"[{'travelerId': '1', 'fareOption': 'STANDARD', 'travelerType': 'ADULT', 'price': {'currency': 'USD', 'total': '485.60', 'base': '471.00'}, 'fareDetailsBySegment': [{'segmentId': '82', 'cabin': 'ECONOMY', 'fareBasis': 'QAA7AKEN', 'class': 'Q', 'includedCheckedBags': {'quantity': 0}}, {'segmentId': '83', 'cabin': 'ECONOMY', 'fareBasis': 'KAUQA0MQ', 'class': 'K', 'includedCheckedBags': {'quantity': 0}}]}]"
flight-offer,53,GDS,False,False,False,2020-12-04,9,"[{'duration': 'PT9H9M', 'segments': [{'departure': {'iataCode': 'AUS', 'at': '2021-02-06T05:44:00'}, 'arrival': {'iataCode': 'IAD', 'at': '2021-02-06T09:50:00'}, 'carrierCode': 'UA', 'number': '654', 'aircraft': {'code': '73G'}, 'operating': {'carrierCode': 'UA'}, 'duration': 'PT3H6M', 'id': '9', 'numberOfStops': 0, 'blacklistedInEU': False}, {'departure': {'iataCode': 'DCA', 'terminal': 'B', 'at': '2021-02-06T14:27:00'}, 'arrival': {'iataCode': 'JFK', 'terminal': '4', 'at': '2021-02-06T15:53:00'}, 'carrierCode': 'DL', 'number': '5188', 'aircraft': {'code': 'CR9'}, 'duration': 'PT1H26M', 'id': '10', 'numberOfStops': 0, 'blacklistedInEU': False}]}]","{'currency': 'USD', 'total': '561.20', 'base': '541.00', 'fees': [{'amount': '0.00', 'type': 'SUPPLIER'}, {'amount': '0.00', 'type': 'TICKETING'}], 'grandTotal': '561.20'}","{'fareType': ['PUBLISHED'], 'includedCheckedBagsOnly': False}",['UA'],"[{'travelerId': '1', 'fareOption': 'STANDARD', 'travelerType': 'ADULT', 'price': {'currency': 'USD', 'total': '561.20', 'base': '541.00'}, 'fareDetailsBySegment': [{'segmentId': '9', 'cabin': 'ECONOMY', 'fareBasis': 'QAA7PKEN', 'class': 'Q', 'includedCheckedBags': {'quantity': 0}}, {'segmentId': '10', 'cabin': 'ECONOMY', 'fareBasis': 'KAUOA0MQ', 'class': 'K', 'includedCheckedBags': {'quantity': 0}}]}]"
flight-offer,54,GDS,False,False,False,2020-12-04,9,"[{'duration': 'PT10H31M', 'segments': [{'departure': {'iataCode': 'AUS', 'at': '2021-02-06T05:44:00'}, 'arrival': {'iataCode': 'IAD', 'at': '2021-02-06T09:50:00'}, 'carrierCode': 'UA', 'number': '654', 'aircraft': {'code': '73G'}, 'operating': {'carrierCode': 'UA'}, 'duration': 'PT3H6M', 'id': '62', 'numberOfStops': 0, 'blacklistedInEU': False}, {'departure': {'iataCode': 'IAD', 'at': '2021-02-06T15:44:00'}, 'arrival': {'iataCode': 'JFK', 'terminal': '4', 'at': '2021-02-06T17:15:00'}, 'carrierCode': 'DL', 'number': '4813', 'aircraft': {'code': 'CRJ'}, 'duration': 'PT1H31M', 'id': '63', 'numberOfStops': 0, 'blacklistedInEU': False}]}]","{'currency': 'USD', 'total': '561.20', 'base': '541.00', 'fees': [{'amount': '0.00', 'type': 'SUPPLIER'}, {'amount': '0.00', 'type': 'TICKETING'}], 'grandTotal': '561.20'}","{'fareType': ['PUBLISHED'], 'includedCheckedBagsOnly': False}",['UA'],"[{'travelerId': '1', 'fareOption': 'STANDARD', 'travelerType': 'ADULT', 'price': {'currency': 'USD', 'total': '561.20', 'base': '541.00'}, 'fareDetailsBySegment': [{'segmentId': '62', 'cabin': 'ECONOMY', 'fareBasis': 'QAA7PKEN', 'class': 'Q', 'includedCheckedBags': {'quantity': 0}}, {'segmentId': '63', 'cabin': 'ECONOMY', 'fareBasis': 'KAUOA0MQ', 'class': 'K', 'includedCheckedBags': {'quantity': 0}}]}]"
flight-offer,55,GDS,False,False,False,2020-12-04,9,"[{'duration': 'PT6H21M', 'segments': [{'departure': {'iataCode': 'AUS', 'at': '2021-02-06T10:08:00'}, 'arrival': {'iataCode': 'ORD', 'terminal': '2', 'at': '2021-02-06T13:05:00'}, 'carrierCode': 'UA', 'number': '3611', 'aircraft': {'code': 'E70'}, 'duration': 'PT2H57M', 'id': '37', 'numberOfStops': 0, 'blacklistedInEU': False}, {'departure': {'iataCode': 'ORD', 'terminal': '2', 'at': '2021-02-06T14:10:00'}, 'arrival': {'iataCode': 'JFK', 'terminal': '4', 'at': '2021-02-06T17:29:00'}, 'carrierCode': 'DL', 'number': '4745', 'aircraft': {'code': 'CR9'}, 'duration': 'PT2H19M', 'id': '38', 'numberOfStops': 0, 'blacklistedInEU': False}]}]","{'currency': 'USD', 'total': '604.60', 'base': '590.00', 'fees': [{'amount': '0.00', 'type': 'SUPPLIER'}, {'amount': '0.00', 'type': 'TICKETING'}], 'grandTotal': '604.60'}","{'fareType': ['PUBLISHED'], 'includedCheckedBagsOnly': False}",['UA'],"[{'travelerId': '1', 'fareOption': 'STANDARD', 'travelerType': 'ADULT', 'price': {'currency': 'USD', 'total': '604.60', 'base': '590.00'}, 'fareDetailsBySegment': [{'segmentId': '37', 'cabin': 'ECONOMY', 'fareBasis': 'QAA4PKEN', 'class': 'Q', 'includedCheckedBags': {'quantity': 0}}, {'segmentId': '38', 'cabin': 'ECONOMY', 'fareBasis': 'KA0OA0MQ', 'class': 'K', 'includedCheckedBags': {'quantity': 0}}]}]"
flight-offer,56,GDS,False,False,False,2020-12-04,9,"[{'duration': 'PT6H35M', 'segments': [{'departure': {'iataCode': 'AUS', 'at': '2021-02-06T14:10:00'}, 'arrival': {'iataCode': 'ORD', 'terminal': '1', 'at': '2021-02-06T16:51:00'}, 'carrierCode': 'UA', 'number': '790', 'aircraft': {'code': '738'}, 'operating': {'carrierCode': 'UA'}, 'duration': 'PT2H41M', 'id': '71', 'numberOfStops': 0, 'blacklistedInEU': False}, {'departure': {'iataCode': 'ORD', 'terminal': '2', 'at': '2021-02-06T18:20:00'}, 'arrival': {'iataCode': 'JFK', 'terminal': '4', 'at': '2021-02-06T21:45:00'}, 'carrierCode': 'DL', 'number': '4845', 'aircraft': {'code': 'CR9'}, 'duration': 'PT2H25M', 'id': '72', 'numberOfStops': 0, 'blacklistedInEU': False}]}]","{'currency': 'USD', 'total': '604.60', 'base': '590.00', 'fees': [{'amount': '0.00', 'type': 'SUPPLIER'}, {'amount': '0.00', 'type': 'TICKETING'}], 'grandTotal': '604.60'}","{'fareType': ['PUBLISHED'], 'includedCheckedBagsOnly': False}",['UA'],"[{'travelerId': '1', 'fareOption': 'STANDARD', 'travelerType': 'ADULT', 'price': {'currency': 'USD', 'total': '604.60', 'base': '590.00'}, 'fareDetailsBySegment': [{'segmentId': '71', 'cabin': 'ECONOMY', 'fareBasis': 'QAA4PKEN', 'class': 'Q', 'includedCheckedBags': {'quantity': 0}}, {'segmentId': '72', 'cabin': 'ECONOMY', 'fareBasis': 'KA0OA0MQ', 'class': 'K', 'includedCheckedBags': {'quantity': 0}}]}]"
flight-offer,57,GDS,False,False,False,2020-12-04,9,"[{'duration': 'PT8H40M', 'segments': [{'departure': {'iataCode': 'AUS', 'at': '2021-02-06T07:49:00'}, 'arrival': {'iataCode': 'ORD', 'terminal': '1', 'at': '2021-02-06T10:31:00'}, 'carrierCode': 'UA', 'number': '436', 'aircraft': {'code': '319'}, 'operating': {'carrierCode': 'UA'}, 'duration': 'PT2H42M', 'id': '80', 'numberOfStops': 0, 'blacklistedInEU': False}, {'departure': {'iataCode': 'ORD', 'terminal': '2', 'at': '2021-02-06T14:10:00'}, 'arrival': {'iataCode': 'JFK', 'terminal': '4', 'at': '2021-02-06T17:29:00'}, 'carrierCode': 'DL', 'number': '4745', 'aircraft': {'code': 'CR9'}, 'duration': 'PT2H19M', 'id': '81', 'numberOfStops': 0, 'blacklistedInEU': False}]}]","{'currency': 'USD', 'total': '604.60', 'base': '590.00', 'fees': [{'amount': '0.00', 'type': 'SUPPLIER'}, {'amount': '0.00', 'type': 'TICKETING'}], 'grandTotal': '604.60'}","{'fareType': ['PUBLISHED'], 'includedCheckedBagsOnly': False}",['UA'],"[{'travelerId': '1', 'fareOption': 'STANDARD', 'travelerType': 'ADULT', 'price': {'currency': 'USD', 'total': '604.60', 'base': '590.00'}, 'fareDetailsBySegment': [{'segmentId': '80', 'cabin': 'ECONOMY', 'fareBasis': 'QAA4PKEN', 'class': 'Q', 'includedCheckedBags': {'quantity': 0}}, {'segmentId': '81', 'cabin': 'ECONOMY', 'fareBasis': 'KA0OA0MQ', 'class': 'K', 'includedCheckedBags': {'quantity': 0}}]}]"
flight-offer,58,GDS,False,False,False,2020-12-04,9,"[{'duration': 'PT8H50M', 'segments': [{'departure': {'iataCode': 'AUS', 'at': '2021-02-06T11:55:00'}, 'arrival': {'iataCode': 'ORD', 'terminal': '1', 'at': '2021-02-06T14:37:00'}, 'carrierCode': 'UA', 'number': '1957', 'aircraft': {'code': '319'}, 'operating': {'carrierCode': 'UA'}, 'duration': 'PT2H42M', 'id': '98', 'numberOfStops': 0, 'blacklistedInEU': False}, {'departure': {'iataCode': 'ORD', 'terminal': '2', 'at': '2021-02-06T18:20:00'}, 'arrival': {'iataCode': 'JFK', 'terminal': '4', 'at': '2021-02-06T21:45:00'}, 'carrierCode': 'DL', 'number': '4845', 'aircraft': {'code': 'CR9'}, 'duration': 'PT2H25M', 'id': '99', 'numberOfStops': 0, 'blacklistedInEU': False}]}]","{'currency': 'USD', 'total': '604.60', 'base': '590.00', 'fees': [{'amount': '0.00', 'type': 'SUPPLIER'}, {'amount': '0.00', 'type': 'TICKETING'}], 'grandTotal': '604.60'}","{'fareType': ['PUBLISHED'], 'includedCheckedBagsOnly': False}",['UA'],"[{'travelerId': '1', 'fareOption': 'STANDARD', 'travelerType': 'ADULT', 'price': {'currency': 'USD', 'total': '604.60', 'base': '590.00'}, 'fareDetailsBySegment': [{'segmentId': '98', 'cabin': 'ECONOMY', 'fareBasis': 'QAA4PKEN', 'class': 'Q', 'includedCheckedBags': {'quantity': 0}}, {'segmentId': '99', 'cabin': 'ECONOMY', 'fareBasis': 'KA0OA0MQ', 'class': 'K', 'includedCheckedBags': {'quantity': 0}}]}]"
