travelerId,fareOption,travelerType,price,fareDetailsBySegment
1,STANDARD,ADULT,"{'currency': 'USD', 'total': '123.18', 'base': '102.98'}","[{'segmentId': '57', 'cabin': 'ECONOMY', 'fareBasis': 'UA7NR', 'class': 'U'}, {'segmentId': '58', 'cabin': 'ECONOMY', 'fareBasis': 'UA7NR', 'class': 'U'}]"
1,STANDARD,ADULT,"{'currency': 'USD', 'total': '133.58', 'base': '118.98'}","[{'segmentId': '77', 'cabin': 'ECONOMY', 'fareBasis': 'RA7NR', 'class': 'R'}, {'segmentId': '78', 'cabin': 'ECONOMY', 'fareBasis': 'UA7NR', 'class': 'U'}]"
1,STANDARD,ADULT,"{'currency': 'USD', 'total': '133.58', 'base': '118.98'}","[{'segmentId': '83', 'cabin': 'ECONOMY', 'fareBasis': 'RA7NR', 'class': 'R'}, {'segmentId': '84', 'cabin': 'ECONOMY', 'fareBasis': 'UA7NR', 'class': 'U'}]"
1,STANDARD,ADULT,"{'currency': 'USD', 'total': '139.18', 'base': '118.98'}","[{'segmentId': '39', 'cabin': 'ECONOMY', 'fareBasis': 'RA7NR', 'class': 'R'}, {'segmentId': '40', 'cabin': 'ECONOMY', 'fareBasis': 'UA7NR', 'class': 'U'}]"
1,STANDARD,ADULT,"{'currency': 'USD', 'total': '142.60', 'base': '128.00'}","[{'segmentId': '31', 'cabin': 'ECONOMY', 'fareBasis': 'TAA3AKES', 'brandedFare': 'ECONOMY', 'class': 'T', 'includedCheckedBags': {'quantity': 0}}, {'segmentId': '32', 'cabin': 'ECONOMY', 'fareBasis': 'TAA3AKES', 'brandedFare': 'ECONOMY', 'class': 'T', 'includedCheckedBags': {'quantity': 0}}]"
1,STANDARD,ADULT,"{'currency': 'USD', 'total': '142.60', 'base': '128.00'}","[{'segmentId': '33', 'cabin': 'ECONOMY', 'fareBasis': 'TAA3AKES', 'brandedFare': 'ECONOMY', 'class': 'T', 'includedCheckedBags': {'quantity': 0}}, {'segmentId': '34', 'cabin': 'ECONOMY', 'fareBasis': 'TAA3AKES', 'brandedFare': 'ECONOMY', 'class': 'T', 'includedCheckedBags': {'quantity': 0}}]"
1,STANDARD,ADULT,"{'currency': 'USD', 'total': '142.60', 'base': '128.00'}","[{'segmentId': '35', 'cabin': 'ECONOMY', 'fareBasis': 'TAA3AKES', 'brandedFare': 'ECONOMY', 'class': 'T', 'includedCheckedBags': {'quantity': 0}}, {'segmentId': '36', 'cabin': 'ECONOMY', 'fareBasis': 'TAA3AKES', 'brandedFare': 'ECONOMY', 'class': 'T', 'includedCheckedBags': {'quantity': 0}}]"
1,STANDARD,ADULT,"{'currency': 'USD', 'total': '142.60', 'base': '128.00'}","[{'segmentId': '63', 'cabin': 'ECONOMY', 'fareBasis': 'TAA3AKES', 'brandedFare': 'ECONOMY', 'class': 'T', 'includedCheckedBags': {'quantity': 0}}, {'segmentId': '64', 'cabin': 'ECONOMY', 'fareBasis': 'TAA3AKES', 'brandedFare': 'ECONOMY', 'class': 'T', 'includedCheckedBags': {'quantity': 0}}]"
1,STANDARD,ADULT,"{'currency': 'USD', 'total': '142.60', 'base': '128.00'}","[{'segmentId': '65', 'cabin': 'ECONOMY', 'fareBasis': 'TAA3AKES', 'brandedFare': 'ECONOMY', 'class': 'T', 'includedCheckedBags': {'quantity': 0}}, {'segmentId': '66', 'cabin': 'ECONOMY', 'fareBasis': 'TAA3AKES', 'brandedFare': 'ECONOMY', 'class': 'T', 'includedCheckedBags': {'quantity': 0}}]"
1,STANDARD,ADULT,"{'currency': 'USD', 'total': '142.60', 'base': '128.00'}","[{'segmentId': '79', 'cabin': 'ECONOMY', 'fareBasis': 'TAA3AKES', 'brandedFare': 'ECONOMY', 'class': 'T', 'includedCheckedBags': {'quantity': 0}}, {'segmentId': '80', 'cabin': 'ECONOMY', 'fareBasis': 'TAA3AKES', 'brandedFare': 'ECONOMY', 'class': 'T', 'includedCheckedBags': {'quantity': 0}}]"
1,STANDARD,ADULT,"{'currency': 'USD', 'total': '142.60', 'base': '128.00'}","[{'segmentId': '1', 'cabin': 'ECONOMY', 'fareBasis': 'TAA3AKES', 'brandedFare': 'ECONOMY', 'class': 'T', 'includedCheckedBags': {'quantity': 0}}, {'segmentId': '2', 'cabin': 'ECONOMY', 'fareBasis': 'TAA3AKES', 'brandedFare': 'ECONOMY', 'class': 'T', 'includedCheckedBags': {'quantity': 0}}]"
1,STANDARD,ADULT,"{'currency': 'USD', 'total': '142.60', 'base': '128.00'}","[{'segmentId': '15', 'cabin': 'ECONOMY', 'fareBasis': 'TAA3AKES', 'brandedFare': 'ECONOMY', 'class': 'T', 'includedCheckedBags': {'quantity': 0}}, {'segmentId': '16', 'cabin': 'ECONOMY', 'fareBasis': 'TAA3AKES', 'brandedFare': 'ECONOMY', 'class': 'T', 'includedCheckedBags': {'quantity': 0}}]"
1,STANDARD,ADULT,"{'currency': 'USD', 'total': '142.60', 'base': '128.00'}","[{'segmentId': '17', 'cabin': 'ECONOMY', 'fareBasis': 'TAA3AKES', 'brandedFare': 'ECONOMY', 'class': 'T', 'includedCheckedBags': {'quantity': 0}}, {'segmentId': '18', 'cabin': 'ECONOMY', 'fareBasis': 'TAA3AKES', 'brandedFare': 'ECONOMY', 'class': 'T', 'includedCheckedBags': {'quantity': 0}}]"
1,STANDARD,ADULT,"{'currency': 'USD', 'total': '142.60', 'base': '128.00'}","[{'segmentId': '25', 'cabin': 'ECONOMY', 'fareBasis': 'TAA3AKES', 'brandedFare': 'ECONOMY', 'class': 'T', 'includedCheckedBags': {'quantity': 0}}, {'segmentId': '26', 'cabin': 'ECONOMY', 'fareBasis': 'TAA3AKES', 'brandedFare': 'ECONOMY', 'class': 'T', 'includedCheckedBags': {'quantity': 0}}]"
1,STANDARD,ADULT,"{'currency': 'USD', 'total': '142.60', 'base': '128.00'}","[{'segmentId': '41', 'cabin': 'ECONOMY', 'fareBasis': 'TAA3AKES', 'brandedFare': 'ECONOMY', 'class': 'T', 'includedCheckedBags': {'quantity': 0}}, {'segmentId': '42', 'cabin': 'ECONOMY', 'fareBasis': 'TAA3AKES', 'brandedFare': 'ECONOMY', 'class': 'T', 'includedCheckedBags': {'quantity': 0}}]"
1,STANDARD,ADULT,"{'currency': 'USD', 'total': '142.60', 'base': '128.00'}","[{'segmentId': '51', 'cabin': 'ECONOMY', 'fareBasis': 'TAA3AKES', 'brandedFare': 'ECONOMY', 'class': 'T', 'includedCheckedBags': {'quantity': 0}}, {'segmentId': '52', 'cabin': 'ECONOMY', 'fareBasis': 'TAA3AKES', 'brandedFare': 'ECONOMY', 'class': 'T', 'includedCheckedBags': {'quantity': 0}}]"
1,STANDARD,ADULT,"{'currency': 'USD', 'total': '142.60', 'base': '128.00'}","[{'segmentId': '53', 'cabin': 'ECONOMY', 'fareBasis': 'TAA3AKES', 'brandedFare': 'ECONOMY', 'class': 'T', 'includedCheckedBags': {'quantity': 0}}, {'segmentId': '54', 'cabin': 'ECONOMY', 'fareBasis': 'TAA3AKES', 'brandedFare': 'ECONOMY', 'class': 'T', 'includedCheckedBags': {'quantity': 0}}]"
1,STANDARD,ADULT,"{'currency': 'USD', 'total': '142.60', 'base': '128.00'}","[{'segmentId': '19', 'cabin': 'ECONOMY', 'fareBasis': 'TAA3AKES', 'brandedFare': 'ECONOMY', 'class': 'T', 'includedCheckedBags': {'quantity': 0}}, {'segmentId': '20', 'cabin': 'ECONOMY', 'fareBasis': 'TAA3AKES', 'brandedFare': 'ECONOMY', 'class': 'T', 'includedCheckedBags': {'quantity': 0}}]"
1,STANDARD,ADULT,"{'currency': 'USD', 'total': '142.60', 'base': '128.00'}","[{'segmentId': '21', 'cabin': 'ECONOMY', 'fareBasis': 'TAA3AKES', 'brandedFare': 'ECONOMY', 'class': 'T', 'includedCheckedBags': {'quantity': 0}}, {'segmentId': '22', 'cabin': 'ECONOMY', 'fareBasis': 'TAA3AKES', 'brandedFare': 'ECONOMY', 'class': 'T', 'includedCheckedBags': {'quantity': 0}}]"
1,STANDARD,ADULT,"{'currency': 'USD', 'total': '148.20', 'base': '128.00'}","[{'segmentId': '73', 'cabin': 'ECONOMY', 'fareBasis': 'TAA3AKES', 'brandedFare': 'ECONOMY', 'class': 'T', 'sliceDiceIndicator': 'LOCAL_AVAILABILITY', 'includedCheckedBags': {'quantity': 0}}, {'segmentId': '74', 'cabin': 'ECONOMY', 'fareBasis': 'TAA3AKES', 'brandedFare': 'ECONOMY', 'class': 'T', 'sliceDiceIndicator': 'LOCAL_AVAILABILITY', 'includedCheckedBags': {'quantity': 0}}]"
1,STANDARD,ADULT,"{'currency': 'USD', 'total': '148.20', 'base': '128.00'}","[{'segmentId': '93', 'cabin': 'ECONOMY', 'fareBasis': 'TAA3AKES', 'brandedFare': 'ECONOMY', 'class': 'T', 'sliceDiceIndicator': 'LOCAL_AVAILABILITY', 'includedCheckedBags': {'quantity': 0}}, {'segmentId': '94', 'cabin': 'ECONOMY', 'fareBasis': 'TAA3AKES', 'brandedFare': 'ECONOMY', 'class': 'T', 'sliceDiceIndicator': 'LOCAL_AVAILABILITY', 'includedCheckedBags': {'quantity': 0}}]"
1,STANDARD,ADULT,"{'currency': 'USD', 'total': '148.20', 'base': '128.00'}","[{'segmentId': '7', 'cabin': 'ECONOMY', 'fareBasis': 'TAA3AKES', 'brandedFare': 'ECONOMY', 'class': 'T', 'sliceDiceIndicator': 'LOCAL_AVAILABILITY', 'includedCheckedBags': {'quantity': 0}}, {'segmentId': '8', 'cabin': 'ECONOMY', 'fareBasis': 'TAA3AKES', 'brandedFare': 'ECONOMY', 'class': 'T', 'sliceDiceIndicator': 'LOCAL_AVAILABILITY', 'includedCheckedBags': {'quantity': 0}}]"
1,STANDARD,ADULT,"{'currency': 'USD', 'total': '148.20', 'base': '128.00'}","[{'segmentId': '61', 'cabin': 'ECONOMY', 'fareBasis': 'TAA3AKES', 'brandedFare': 'ECONOMY', 'class': 'T', 'sliceDiceIndicator': 'LOCAL_AVAILABILITY', 'includedCheckedBags': {'quantity': 0}}, {'segmentId': '62', 'cabin': 'ECONOMY', 'fareBasis': 'TAA3AKES', 'brandedFare': 'ECONOMY', 'class': 'T', 'sliceDiceIndicator': 'LOCAL_AVAILABILITY', 'includedCheckedBags': {'quantity': 0}}]"
1,STANDARD,ADULT,"{'currency': 'USD', 'total': '148.20', 'base': '128.00'}","[{'segmentId': '95', 'cabin': 'ECONOMY', 'fareBasis': 'TAA3AKES', 'brandedFare': 'ECONOMY', 'class': 'T', 'sliceDiceIndicator': 'LOCAL_AVAILABILITY', 'includedCheckedBags': {'quantity': 0}}, {'segmentId': '96', 'cabin': 'ECONOMY', 'fareBasis': 'TAA3AKES', 'brandedFare': 'ECONOMY', 'class': 'T', 'sliceDiceIndicator': 'LOCAL_AVAILABILITY', 'includedCheckedBags': {'quantity': 0}}]"
1,STANDARD,ADULT,"{'currency': 'USD', 'total': '153.18', 'base': '132.98'}","[{'segmentId': '67', 'cabin': 'ECONOMY', 'fareBasis': 'TA7NR', 'class': 'T'}, {'segmentId': '68', 'cabin': 'ECONOMY', 'fareBasis': 'UA7NR', 'class': 'U'}]"
1,STANDARD,ADULT,"{'currency': 'USD', 'total': '161.20', 'base': '141.00'}","[{'segmentId': '91', 'cabin': 'ECONOMY', 'fareBasis': 'GAA3AHES', 'brandedFare': 'ECONOMY', 'class': 'G', 'sliceDiceIndicator': 'LOCAL_AVAILABILITY', 'includedCheckedBags': {'quantity': 0}}, {'segmentId': '92', 'cabin': 'ECONOMY', 'fareBasis': 'KAA7AFEN', 'brandedFare': 'ECONOMY', 'class': 'K', 'sliceDiceIndicator': 'LOCAL_AVAILABILITY', 'includedCheckedBags': {'quantity': 0}}]"
1,STANDARD,ADULT,"{'currency': 'USD', 'total': '161.20', 'base': '141.00'}","[{'segmentId': '13', 'cabin': 'ECONOMY', 'fareBasis': 'GAA3AHES', 'brandedFare': 'ECONOMY', 'class': 'G', 'sliceDiceIndicator': 'LOCAL_AVAILABILITY', 'includedCheckedBags': {'quantity': 0}}, {'segmentId': '14', 'cabin': 'ECONOMY', 'fareBasis': 'KAA7AFEN', 'brandedFare': 'ECONOMY', 'class': 'K', 'sliceDiceIndicator': 'LOCAL_AVAILABILITY', 'includedCheckedBags': {'quantity': 0}}]"
1,STANDARD,ADULT,"{'currency': 'USD', 'total': '161.20', 'base': '141.00'}","[{'segmentId': '3', 'cabin': 'ECONOMY', 'fareBasis': 'GAA3AHES', 'brandedFare': 'ECONOMY', 'class': 'G', 'sliceDiceIndicator': 'LOCAL_AVAILABILITY', 'includedCheckedBags': {'quantity': 0}}, {'segmentId': '4', 'cabin': 'ECONOMY', 'fareBasis': 'KAA7AFEN', 'brandedFare': 'ECONOMY', 'class': 'K', 'sliceDiceIndicator': 'LOCAL_AVAILABILITY', 'includedCheckedBags': {'quantity': 0}}]"
1,STANDARD,ADULT,"{'currency': 'USD', 'total': '161.20', 'base': '141.00'}","[{'segmentId': '99', 'cabin': 'ECONOMY', 'fareBasis': 'GAA3AHES', 'brandedFare': 'ECONOMY', 'class': 'G', 'sliceDiceIndicator': 'LOCAL_AVAILABILITY', 'includedCheckedBags': {'quantity': 0}}, {'segmentId': '100', 'cabin': 'ECONOMY', 'fareBasis': 'KAA7AFEN', 'brandedFare': 'ECONOMY', 'class': 'K', 'sliceDiceIndicator': 'LOCAL_AVAILABILITY', 'includedCheckedBags': {'quantity': 0}}]"
1,STANDARD,ADULT,"{'currency': 'USD', 'total': '161.20', 'base': '141.00'}","[{'segmentId': '23', 'cabin': 'ECONOMY', 'fareBasis': 'GAA3AHES', 'brandedFare': 'ECONOMY', 'class': 'G', 'sliceDiceIndicator': 'LOCAL_AVAILABILITY', 'includedCheckedBags': {'quantity': 0}}, {'segmentId': '24', 'cabin': 'ECONOMY', 'fareBasis': 'KAA7AFEN', 'brandedFare': 'ECONOMY', 'class': 'K', 'sliceDiceIndicator': 'LOCAL_AVAILABILITY', 'includedCheckedBags': {'quantity': 0}}]"
1,STANDARD,ADULT,"{'currency': 'USD', 'total': '161.20', 'base': '141.00'}","[{'segmentId': '55', 'cabin': 'ECONOMY', 'fareBasis': 'GAA3AHES', 'brandedFare': 'ECONOMY', 'class': 'G', 'sliceDiceIndicator': 'LOCAL_AVAILABILITY', 'includedCheckedBags': {'quantity': 0}}, {'segmentId': '56', 'cabin': 'ECONOMY', 'fareBasis': 'KAA7AFEN', 'brandedFare': 'ECONOMY', 'class': 'K', 'sliceDiceIndicator': 'LOCAL_AVAILABILITY', 'includedCheckedBags': {'quantity': 0}}]"
1,STANDARD,ADULT,"{'currency': 'USD', 'total': '161.20', 'base': '141.00'}","[{'segmentId': '71', 'cabin': 'ECONOMY', 'fareBasis': 'GAA3AHES', 'brandedFare': 'ECONOMY', 'class': 'G', 'sliceDiceIndicator': 'LOCAL_AVAILABILITY', 'includedCheckedBags': {'quantity': 0}}, {'segmentId': '72', 'cabin': 'ECONOMY', 'fareBasis': 'KAA7AFEN', 'brandedFare': 'ECONOMY', 'class': 'K', 'sliceDiceIndicator': 'LOCAL_AVAILABILITY', 'includedCheckedBags': {'quantity': 0}}]"
1,STANDARD,ADULT,"{'currency': 'USD', 'total': '161.20', 'base': '141.00'}","[{'segmentId': '97', 'cabin': 'ECONOMY', 'fareBasis': 'GAA3AHES', 'brandedFare': 'ECONOMY', 'class': 'G', 'sliceDiceIndicator': 'LOCAL_AVAILABILITY', 'includedCheckedBags': {'quantity': 0}}, {'segmentId': '98', 'cabin': 'ECONOMY', 'fareBasis': 'KAA7AFEN', 'brandedFare': 'ECONOMY', 'class': 'K', 'sliceDiceIndicator': 'LOCAL_AVAILABILITY', 'includedCheckedBags': {'quantity': 0}}]"
1,STANDARD,ADULT,"{'currency': 'USD', 'total': '161.20', 'base': '141.00'}","[{'segmentId': '75', 'cabin': 'ECONOMY', 'fareBasis': 'GAA3AHES', 'brandedFare': 'ECONOMY', 'class': 'G', 'sliceDiceIndicator': 'LOCAL_AVAILABILITY', 'includedCheckedBags': {'quantity': 0}}, {'segmentId': '76', 'cabin': 'ECONOMY', 'fareBasis': 'KAA7AFEN', 'brandedFare': 'ECONOMY', 'class': 'K', 'sliceDiceIndicator': 'LOCAL_AVAILABILITY', 'includedCheckedBags': {'quantity': 0}}]"
1,STANDARD,ADULT,"{'currency': 'USD', 'total': '163.58', 'base': '148.98'}","[{'segmentId': '29', 'cabin': 'ECONOMY', 'fareBasis': 'TA7NR', 'class': 'T'}, {'segmentId': '30', 'cabin': 'ECONOMY', 'fareBasis': 'UA7NR', 'class': 'U'}]"
1,STANDARD,ADULT,"{'currency': 'USD', 'total': '166.58', 'base': '151.98'}","[{'segmentId': '81', 'cabin': 'ECONOMY', 'fareBasis': 'U7C1NR', 'class': 'U'}, {'segmentId': '82', 'cabin': 'ECONOMY', 'fareBasis': 'TA7NR', 'class': 'T'}]"
1,STANDARD,ADULT,"{'currency': 'USD', 'total': '172.18', 'base': '151.98'}","[{'segmentId': '101', 'cabin': 'ECONOMY', 'fareBasis': 'U7C1NR', 'class': 'U'}, {'segmentId': '102', 'cabin': 'ECONOMY', 'fareBasis': 'TA7NR', 'class': 'T'}]"
1,STANDARD,ADULT,"{'currency': 'USD', 'total': '173.18', 'base': '152.98'}","[{'segmentId': '9', 'cabin': 'ECONOMY', 'fareBasis': 'TA7NR', 'class': 'T'}, {'segmentId': '10', 'cabin': 'ECONOMY', 'fareBasis': 'UA7NR', 'class': 'U'}]"
1,STANDARD,ADULT,"{'currency': 'USD', 'total': '178.20', 'base': '158.00'}","[{'segmentId': '11', 'cabin': 'ECONOMY', 'fareBasis': 'KAA7ACDN', 'brandedFare': 'ECONOMY', 'class': 'K', 'sliceDiceIndicator': 'LOCAL_AVAILABILITY', 'includedCheckedBags': {'quantity': 0}}, {'segmentId': '12', 'cabin': 'ECONOMY', 'fareBasis': 'KAA3AWEN', 'brandedFare': 'ECONOMY', 'class': 'K', 'sliceDiceIndicator': 'LOCAL_AVAILABILITY', 'includedCheckedBags': {'quantity': 0}}]"
1,STANDARD,ADULT,"{'currency': 'USD', 'total': '178.20', 'base': '158.00'}","[{'segmentId': '89', 'cabin': 'ECONOMY', 'fareBasis': 'KAA7ACDN', 'brandedFare': 'ECONOMY', 'class': 'K', 'sliceDiceIndicator': 'LOCAL_AVAILABILITY', 'includedCheckedBags': {'quantity': 0}}, {'segmentId': '90', 'cabin': 'ECONOMY', 'fareBasis': 'KAA3AWEN', 'brandedFare': 'ECONOMY', 'class': 'K', 'sliceDiceIndicator': 'LOCAL_AVAILABILITY', 'includedCheckedBags': {'quantity': 0}}]"
1,STANDARD,ADULT,"{'currency': 'USD', 'total': '178.20', 'base': '158.00'}","[{'segmentId': '69', 'cabin': 'ECONOMY', 'fareBasis': 'KAA7ACDN', 'brandedFare': 'ECONOMY', 'class': 'K', 'sliceDiceIndicator': 'LOCAL_AVAILABILITY', 'includedCheckedBags': {'quantity': 0}}, {'segmentId': '70', 'cabin': 'ECONOMY', 'fareBasis': 'KAA3AWEN', 'brandedFare': 'ECONOMY', 'class': 'K', 'sliceDiceIndicator': 'LOCAL_AVAILABILITY', 'includedCheckedBags': {'quantity': 0}}]"
1,STANDARD,ADULT,"{'currency': 'USD', 'total': '178.20', 'base': '158.00'}","[{'segmentId': '85', 'cabin': 'ECONOMY', 'fareBasis': 'KAA7ACDN', 'brandedFare': 'ECONOMY', 'class': 'K', 'sliceDiceIndicator': 'LOCAL_AVAILABILITY', 'includedCheckedBags': {'quantity': 0}}, {'segmentId': '86', 'cabin': 'ECONOMY', 'fareBasis': 'KAA3AWEN', 'brandedFare': 'ECONOMY', 'class': 'K', 'sliceDiceIndicator': 'LOCAL_AVAILABILITY', 'includedCheckedBags': {'quantity': 0}}]"
1,STANDARD,ADULT,"{'currency': 'USD', 'total': '178.20', 'base': '158.00'}","[{'segmentId': '37', 'cabin': 'ECONOMY', 'fareBasis': 'KAA7ACDN', 'brandedFare': 'ECONOMY', 'class': 'K', 'sliceDiceIndicator': 'LOCAL_AVAILABILITY', 'includedCheckedBags': {'quantity': 0}}, {'segmentId': '38', 'cabin': 'ECONOMY', 'fareBasis': 'KAA3AWEN', 'brandedFare': 'ECONOMY', 'class': 'K', 'sliceDiceIndicator': 'LOCAL_AVAILABILITY', 'includedCheckedBags': {'quantity': 0}}]"
1,STANDARD,ADULT,"{'currency': 'USD', 'total': '178.20', 'base': '158.00'}","[{'segmentId': '87', 'cabin': 'ECONOMY', 'fareBasis': 'KAA7ACDN', 'brandedFare': 'ECONOMY', 'class': 'K', 'sliceDiceIndicator': 'LOCAL_AVAILABILITY', 'includedCheckedBags': {'quantity': 0}}, {'segmentId': '88', 'cabin': 'ECONOMY', 'fareBasis': 'KAA3AWEN', 'brandedFare': 'ECONOMY', 'class': 'K', 'sliceDiceIndicator': 'LOCAL_AVAILABILITY', 'includedCheckedBags': {'quantity': 0}}]"
1,STANDARD,ADULT,"{'currency': 'USD', 'total': '178.20', 'base': '158.00'}","[{'segmentId': '59', 'cabin': 'ECONOMY', 'fareBasis': 'KAA7ACDN', 'brandedFare': 'ECONOMY', 'class': 'K', 'sliceDiceIndicator': 'LOCAL_AVAILABILITY', 'includedCheckedBags': {'quantity': 0}}, {'segmentId': '60', 'cabin': 'ECONOMY', 'fareBasis': 'KAA3AWEN', 'brandedFare': 'ECONOMY', 'class': 'K', 'sliceDiceIndicator': 'LOCAL_AVAILABILITY', 'includedCheckedBags': {'quantity': 0}}]"
1,STANDARD,ADULT,"{'currency': 'USD', 'total': '186.58', 'base': '171.98'}","[{'segmentId': '49', 'cabin': 'ECONOMY', 'fareBasis': 'TA7NR', 'class': 'T'}, {'segmentId': '50', 'cabin': 'ECONOMY', 'fareBasis': 'RA7NR', 'class': 'R'}]"
1,STANDARD,ADULT,"{'currency': 'USD', 'total': '316.20', 'base': '296.00'}","[{'segmentId': '27', 'cabin': 'ECONOMY', 'fareBasis': 'LA3SA0BC', 'brandedFare': 'BASICECON', 'class': 'E', 'sliceDiceIndicator': 'LOCAL_AVAILABILITY', 'includedCheckedBags': {'quantity': 0}}, {'segmentId': '28', 'cabin': 'ECONOMY', 'fareBasis': 'TA7SA0BC', 'brandedFare': 'BASICECON', 'class': 'E', 'sliceDiceIndicator': 'LOCAL_AVAILABILITY', 'includedCheckedBags': {'quantity': 0}}]"
1,STANDARD,ADULT,"{'currency': 'USD', 'total': '449.60', 'base': '435.00'}","[{'segmentId': '43', 'cabin': 'ECONOMY', 'fareBasis': 'TH7OAVMN', 'brandedFare': 'MA', 'class': 'T', 'includedCheckedBags': {'quantity': 0}}, {'segmentId': '44', 'cabin': 'ECONOMY', 'fareBasis': 'VH7OAVMN', 'brandedFare': 'MA', 'class': 'V', 'includedCheckedBags': {'quantity': 0}}]"
1,STANDARD,ADULT,"{'currency': 'USD', 'total': '456.60', 'base': '442.00'}","[{'segmentId': '5', 'cabin': 'ECONOMY', 'fareBasis': 'KH7OAUBN', 'brandedFare': 'SV', 'class': 'X', 'includedCheckedBags': {'quantity': 0}}, {'segmentId': '6', 'cabin': 'ECONOMY', 'fareBasis': 'VH7OAVBN', 'brandedFare': 'SV', 'class': 'X', 'includedCheckedBags': {'quantity': 0}}]"
1,STANDARD,ADULT,"{'currency': 'USD', 'total': '462.20', 'base': '442.00'}","[{'segmentId': '45', 'cabin': 'ECONOMY', 'fareBasis': 'KH7OAUBN', 'brandedFare': 'SV', 'class': 'X', 'includedCheckedBags': {'quantity': 0}}, {'segmentId': '46', 'cabin': 'ECONOMY', 'fareBasis': 'VH7OAVBN', 'brandedFare': 'SV', 'class': 'X', 'includedCheckedBags': {'quantity': 0}}]"
1,STANDARD,ADULT,"{'currency': 'USD', 'total': '462.20', 'base': '442.00'}","[{'segmentId': '47', 'cabin': 'ECONOMY', 'fareBasis': 'KH7OAUBN', 'brandedFare': 'SV', 'class': 'X', 'includedCheckedBags': {'quantity': 0}}, {'segmentId': '48', 'cabin': 'ECONOMY', 'fareBasis': 'VH7OAVBN', 'brandedFare': 'SV', 'class': 'X', 'includedCheckedBags': {'quantity': 0}}]"
